Periods,2025
1,0.0
2,0.0
3,0.0
4,0.0
5,0.0
6,0.0
7,0.0
8,0.0
9,52.76
10,125.67
11,191.12
12,239.41
13,267.68
14,273.61
15,263.89
16,236.02
17,188.37
18,124.69
19,51.82
20,0.0
21,0.0
22,0.0
23,0.0
24,0.0
25,0.0
26,0.0
27,0.0
28,0.0
29,0.0
30,0.0
31,0.0
32,0.0
33,52.07
34,123.23
35,188.71
36,237.91
37,265.85
38,273.9
39,266.48
40,238.02
41,188.78
42,124.02
43,52.75
44,0.0
45,0.0
46,0.0
47,0.0
48,0.0
49,0.0
50,0.0
51,0.0
52,0.0
53,0.0
54,0.0
55,0.0
56,0.0
57,50.33
58,120.65
59,186.09
60,235.84
61,265.82
62,274.85
63,265.77
64,245.54
65,189.95
66,127.85
67,53.25
68,0.0
69,0.0
70,0.0
71,0.0
72,0.0
73,0.0
74,0.0
75,0.0
76,0.0
77,0.0
78,0.0
79,0.0
80,0.0
81,23.38
82,113.6
83,168.72
84,236.96
85,261.87
86,216.59
87,264.39
88,235.96
89,190.54
90,126.16
91,54.32
92,0.0
93,0.0
94,0.0
95,0.0
96,0.0
97,0.0
98,0.0
99,0.0
100,0.0
101,0.0
102,0.0
103,0.0
104,0.0
105,46.8
106,116.93
107,181.34
108,233.35
109,264.73
110,272.05
111,264.06
112,236.57
113,191.81
114,126.88
115,54.66
116,0.0
117,0.0
118,0.0
119,0.0
120,0.0
121,0.0
122,0.0
123,0.0
124,0.0
125,0.0
126,0.0
127,0.0
128,0.0
129,31.67
130,114.38
131,182.46
132,234.46
133,264.08
134,257.81
135,244.89
136,234.04
137,188.6
138,126.4
139,54.24
140,0.0
141,0.0
142,0.0
143,0.0
144,0.0
145,0.0
146,0.0
147,0.0
148,0.0
149,0.0
150,0.0
151,0.0
152,0.0
153,46.8
154,118.23
155,183.94
156,233.91
157,262.71
158,272.62
159,264.16
160,237.61
161,190.17
162,130.32
163,55.72
164,0.0
165,0.0
166,0.0
167,0.0
168,0.0
169,0.0
170,0.0
171,0.0
172,0.0
173,0.0
174,0.0
175,0.0
176,0.0
177,20.8
178,28.79
179,68.74
180,229.0
181,258.26
182,268.08
183,268.8
184,224.31
185,188.35
186,126.85
187,55.96
188,0.0
189,0.0
190,0.0
191,0.0
192,0.0
193,0.0
194,0.0
195,0.0
196,0.0
197,0.0
198,0.0
199,0.0
200,0.0
201,35.29
202,79.88
203,166.58
204,224.44
205,264.4
206,276.92
207,268.3
208,241.24
209,191.9
210,16.05
211,59.03
212,0.0
213,0.0
214,0.0
215,0.0
216,0.0
217,0.0
218,0.0
219,0.0
220,0.0
221,0.0
222,0.0
223,0.0
224,0.0
225,5.11
226,63.61
227,42.64
228,232.57
229,262.9
230,261.83
231,259.03
232,182.57
233,74.24
234,124.92
235,58.03
236,0.0
237,0.0
238,0.0
239,0.0
240,0.0
241,0.0
242,0.0
243,0.0
244,0.0
245,0.0
246,0.0
247,0.0
248,0.0
249,5.15
250,21.75
251,167.35
252,188.83
253,249.24
254,276.77
255,258.6
256,238.69
257,189.57
258,130.24
259,58.46
260,0.0
261,0.0
262,0.0
263,0.0
264,0.0
265,0.0
266,0.0
267,0.0
268,0.0
269,0.0
270,0.0
271,0.0
272,0.0
273,32.17
274,60.47
275,184.08
276,233.44
277,257.86
278,261.75
279,255.12
280,223.11
281,184.3
282,137.72
283,53.48
284,0.0
285,0.0
286,0.0
287,0.0
288,0.0
289,0.0
290,0.0
291,0.0
292,0.0
293,0.0
294,0.0
295,0.0
296,0.0
297,18.0
298,39.51
299,113.17
300,229.12
301,253.71
302,263.18
303,218.7
304,239.02
305,163.53
306,121.16
307,29.85
308,0.0
309,0.0
310,0.0
311,0.0
312,0.0
313,0.0
314,0.0
315,0.0
316,0.0
317,0.0
318,0.0
319,0.0
320,0.0
321,21.65
322,23.3
323,62.86
324,197.85
325,211.24
326,62.72
327,252.06
328,238.75
329,189.22
330,124.01
331,7.09
332,0.0
333,0.0
334,0.0
335,0.0
336,0.0
337,0.0
338,0.0
339,0.0
340,0.0
341,0.0
342,0.0
343,0.0
344,0.0
345,17.39
346,102.46
347,184.05
348,235.88
349,206.29
350,154.37
351,242.38
352,72.57
353,161.76
354,128.07
355,56.89
356,0.0
357,0.0
358,0.0
359,0.0
360,0.0
361,0.0
362,0.0
363,0.0
364,0.0
365,0.0
366,0.0
367,0.0
368,0.0
369,48.26
370,116.98
371,187.02
372,239.8
373,271.45
374,280.47
375,274.03
376,247.17
377,200.89
378,134.92
379,62.56
380,0.0
381,0.0
382,0.0
383,0.0
384,0.0
385,0.0
386,0.0
387,0.0
388,0.0
389,0.0
390,0.0
391,0.0
392,0.0
393,48.01
394,118.56
395,186.05
396,240.0
397,272.73
398,284.99
399,273.43
400,246.8
401,200.99
402,137.28
403,62.61
404,0.0
405,0.0
406,0.0
407,0.0
408,0.0
409,0.0
410,0.0
411,0.0
412,0.0
413,0.0
414,0.0
415,0.0
416,0.0
417,44.79
418,118.89
419,187.86
420,240.03
421,269.68
422,283.81
423,275.19
424,245.34
425,200.58
426,142.22
427,64.91
428,0.0
429,0.0
430,0.0
431,0.0
432,0.0
433,0.0
434,0.0
435,0.0
436,0.0
437,0.0
438,0.0
439,0.0
440,0.0
441,44.6
442,120.49
443,186.14
444,239.52
445,272.25
446,282.72
447,276.58
448,251.17
449,205.85
450,139.4
451,62.98
452,0.0
453,0.0
454,0.0
455,0.0
456,0.0
457,0.0
458,0.0
459,0.0
460,0.0
461,0.0
462,0.0
463,0.0
464,0.0
465,41.38
466,119.76
467,185.51
468,231.07
469,255.14
470,261.26
471,276.23
472,252.55
473,205.84
474,138.39
475,65.88
476,0.0
477,0.0
478,0.0
479,0.0
480,0.0
481,0.0
482,0.0
483,0.0
484,0.0
485,0.0
486,0.0
487,0.0
488,0.0
489,20.89
490,118.34
491,187.25
492,239.35
493,273.78
494,284.32
495,277.85
496,251.37
497,204.84
498,139.43
499,65.75
500,0.0
501,0.0
502,0.0
503,0.0
504,0.0
505,0.0
506,0.0
507,0.0
508,0.0
509,0.0
510,0.0
511,0.0
512,0.0
513,45.39
514,121.33
515,189.54
516,241.9
517,274.95
518,286.54
519,276.4
520,253.38
521,206.42
522,142.56
523,66.72
524,0.0
525,0.0
526,0.0
527,0.0
528,0.0
529,0.0
530,0.0
531,0.0
532,0.0
533,0.0
534,0.0
535,0.0
536,0.0
537,42.1
538,118.4
539,186.46
540,239.71
541,273.15
542,285.05
543,256.9
544,211.77
545,198.34
546,82.7
547,56.3
548,0.0
549,0.0
550,0.0
551,0.0
552,0.0
553,0.0
554,0.0
555,0.0
556,0.0
557,0.0
558,0.0
559,0.0
560,0.0
561,38.56
562,85.05
563,178.82
564,236.39
565,267.17
566,282.49
567,275.39
568,247.03
569,193.37
570,97.43
571,68.21
572,0.0
573,0.0
574,0.0
575,0.0
576,0.0
577,0.0
578,0.0
579,0.0
580,0.0
581,0.0
582,0.0
583,0.0
584,0.0
585,4.43
586,34.53
587,132.56
588,217.92
589,253.89
590,271.12
591,264.74
592,248.8
593,191.95
594,27.28
595,17.25
596,0.0
597,0.0
598,0.0
599,0.0
600,0.0
601,0.0
602,0.0
603,0.0
604,0.0
605,0.0
606,0.0
607,0.0
608,0.0
609,7.51
610,12.2
611,33.59
612,43.38
613,100.82
614,161.57
615,246.93
616,215.43
617,121.08
618,41.98
619,51.68
620,0.0
621,0.0
622,0.0
623,0.0
624,0.0
625,0.0
626,0.0
627,0.0
628,0.0
629,0.0
630,0.0
631,0.0
632,0.0
633,38.39
634,99.5
635,171.61
636,237.86
637,279.59
638,294.44
639,288.39
640,261.23
641,213.39
642,145.57
643,65.99
644,0.0
645,0.0
646,0.0
647,0.0
648,0.0
649,0.0
650,0.0
651,0.0
652,0.0
653,0.0
654,0.0
655,0.0
656,0.0
657,14.63
658,119.07
659,161.65
660,238.86
661,275.06
662,287.78
663,282.42
664,252.41
665,159.73
666,126.31
667,9.48
668,0.0
669,0.0
670,0.0
671,0.0
672,0.0
673,0.0
674,0.0
675,0.0
676,0.0
677,0.0
678,0.0
679,0.0
680,0.0
681,9.26
682,91.32
683,149.8
684,198.54
685,274.82
686,244.0
687,280.47
688,253.32
689,209.51
690,104.97
691,14.54
692,0.0
693,0.0
694,0.0
695,0.0
696,0.0
697,0.0
698,0.0
699,0.0
700,0.0
701,0.0
702,0.0
703,0.0
704,0.0
705,18.07
706,122.43
707,193.17
708,246.25
709,280.24
710,297.0
711,288.68
712,263.13
713,215.3
714,147.55
715,58.1
716,0.0
717,0.0
718,0.0
719,0.0
720,0.0
721,0.0
722,0.0
723,0.0
724,0.0
725,0.0
726,0.0
727,0.0
728,0.0
729,39.09
730,66.27
731,175.55
732,225.58
733,273.11
734,287.92
735,282.64
736,258.29
737,205.17
738,138.04
739,39.86
740,0.0
741,0.0
742,0.0
743,0.0
744,0.0
745,0.0
746,0.0
747,0.0
748,0.0
749,0.0
750,0.0
751,0.0
752,4.07
753,70.22
754,148.15
755,214.33
756,254.47
757,283.23
758,287.95
759,272.28
760,38.09
761,184.83
762,119.71
763,32.27
764,0.0
765,0.0
766,0.0
767,0.0
768,0.0
769,0.0
770,0.0
771,0.0
772,0.0
773,0.0
774,0.0
775,0.0
776,3.07
777,71.24
778,146.6
779,211.86
780,255.93
781,284.6
782,289.55
783,275.24
784,241.44
785,189.91
786,121.73
787,46.42
788,0.0
789,0.0
790,0.0
791,0.0
792,0.0
793,0.0
794,0.0
795,0.0
796,0.0
797,0.0
798,0.0
799,0.0
800,4.42
801,67.58
802,145.45
803,212.85
804,254.97
805,284.67
806,290.99
807,278.31
808,246.01
809,193.14
810,122.95
811,46.75
812,0.0
813,0.0
814,0.0
815,0.0
816,0.0
817,0.0
818,0.0
819,0.0
820,0.0
821,0.0
822,0.0
823,0.0
824,4.08
825,70.14
826,146.11
827,210.6
828,256.06
829,282.19
830,289.44
831,275.16
832,237.53
833,186.37
834,120.93
835,46.02
836,0.0
837,0.0
838,0.0
839,0.0
840,0.0
841,0.0
842,0.0
843,0.0
844,0.0
845,0.0
846,0.0
847,0.0
848,0.68
849,24.53
850,26.7
851,59.85
852,60.22
853,78.69
854,79.13
855,105.41
856,56.43
857,176.52
858,113.64
859,43.8
860,0.0
861,0.0
862,0.0
863,0.0
864,0.0
865,0.0
866,0.0
867,0.0
868,0.0
869,0.0
870,0.0
871,0.0
872,3.75
873,65.48
874,143.45
875,209.3
876,257.01
877,283.87
878,290.44
879,275.33
880,239.6
881,186.78
882,119.8
883,43.96
884,0.0
885,0.0
886,0.0
887,0.0
888,0.0
889,0.0
890,0.0
891,0.0
892,0.0
893,0.0
894,0.0
895,0.0
896,2.73
897,31.55
898,106.36
899,178.29
900,249.58
901,243.7
902,253.88
903,197.58
904,233.9
905,62.15
906,114.73
907,47.07
908,0.0
909,0.0
910,0.0
911,0.0
912,0.0
913,0.0
914,0.0
915,0.0
916,0.0
917,0.0
918,0.0
919,0.0
920,3.76
921,62.18
922,133.44
923,208.3
924,252.31
925,277.56
926,269.87
927,269.74
928,237.93
929,187.31
930,114.86
931,44.83
932,0.0
933,0.0
934,0.0
935,0.0
936,0.0
937,0.0
938,0.0
939,0.0
940,0.0
941,0.0
942,0.0
943,0.0
944,2.04
945,67.37
946,142.58
947,206.81
948,256.05
949,282.5
950,287.55
951,274.77
952,222.17
953,177.55
954,113.41
955,46.9
956,0.0
957,0.0
958,0.0
959,0.0
960,0.0
961,0.0
962,0.0
963,0.0
964,0.0
965,0.0
966,0.0
967,0.0
968,2.72
969,69.3
970,146.07
971,212.49
972,259.13
973,284.45
974,290.41
975,274.96
976,240.28
977,188.97
978,44.99
979,42.82
980,0.0
981,0.0
982,0.0
983,0.0
984,0.0
985,0.0
986,0.0
987,0.0
988,0.0
989,0.0
990,0.0
991,0.0
992,0.68
993,57.4
994,137.13
995,200.39
996,252.07
997,273.42
998,246.97
999,220.74
1000,192.53
1001,123.02
1002,48.24
1003,14.0
1004,0.0
1005,0.0
1006,0.0
1007,0.0
1008,0.0
1009,0.0
1010,0.0
1011,0.0
1012,0.0
1013,0.0
1014,0.0
1015,0.0
1016,3.75
1017,49.66
1018,105.22
1019,155.7
1020,198.15
1021,234.49
1022,250.57
1023,227.34
1024,176.11
1025,147.56
1026,86.58
1027,40.43
1028,0.0
1029,0.0
1030,0.0
1031,0.0
1032,0.0
1033,0.0
1034,0.0
1035,0.0
1036,0.0
1037,0.0
1038,0.0
1039,0.0
1040,3.75
1041,71.21
1042,147.53
1043,0.0
1044,262.32
1045,289.4
1046,294.04
1047,279.99
1048,245.54
1049,193.61
1050,123.47
1051,50.12
1052,0.0
1053,0.0
1054,0.0
1055,0.0
1056,0.0
1057,0.0
1058,0.0
1059,0.0
1060,0.0
1061,0.0
1062,0.0
1063,0.0
1064,3.74
1065,71.62
1066,148.94
1067,213.09
1068,263.38
1069,289.09
1070,294.23
1071,278.67
1072,244.52
1073,195.34
1074,96.42
1075,15.88
1076,0.0
1077,0.0
1078,0.0
1079,0.0
1080,0.0
1081,0.0
1082,0.0
1083,0.0
1084,0.0
1085,0.0
1086,0.0
1087,0.0
1088,1.02
1089,73.79
1090,150.02
1091,206.79
1092,260.26
1093,287.98
1094,293.35
1095,281.23
1096,110.61
1097,141.61
1098,128.68
1099,15.41
1100,0.0
1101,0.0
1102,0.0
1103,0.0
1104,0.0
1105,0.0
1106,0.0
1107,0.0
1108,0.0
1109,0.0
1110,0.0
1111,0.0
1112,3.74
1113,54.21
1114,143.91
1115,211.9
1116,252.34
1117,151.0
1118,247.01
1119,270.96
1120,181.75
1121,66.03
1122,127.68
1123,33.56
1124,0.0
1125,0.0
1126,0.0
1127,0.0
1128,0.0
1129,0.0
1130,0.0
1131,0.0
1132,0.0
1133,0.0
1134,0.0
1135,0.0
1136,2.72
1137,52.36
1138,133.33
1139,173.96
1140,234.89
1141,195.21
1142,129.91
1143,280.1
1144,244.16
1145,144.31
1146,12.6
1147,31.48
1148,0.0
1149,0.0
1150,0.0
1151,0.0
1152,0.0
1153,0.0
1154,0.0
1155,0.0
1156,0.0
1157,0.0
1158,0.0
1159,0.0
1160,3.74
1161,74.56
1162,153.12
1163,206.56
1164,266.62
1165,292.95
1166,297.91
1167,283.81
1168,248.06
1169,193.01
1170,123.61
1171,48.58
1172,0.0
1173,0.0
1174,0.0
1175,0.0
1176,0.0
1177,0.0
1178,0.0
1179,0.0
1180,0.0
1181,0.0
1182,0.0
1183,0.0
1184,2.39
1185,65.43
1186,111.25
1187,190.17
1188,259.91
1189,282.22
1190,285.22
1191,280.26
1192,237.25
1193,132.93
1194,71.73
1195,49.82
1196,0.0
1197,0.0
1198,0.0
1199,0.0
1200,0.0
1201,0.0
1202,0.0
1203,0.0
1204,0.0
1205,0.0
1206,0.0
1207,0.0
1208,2.04
1209,71.02
1210,130.48
1211,182.06
1212,259.15
1213,280.87
1214,293.75
1215,281.85
1216,160.6
1217,182.21
1218,109.93
1219,39.71
1220,0.0
1221,0.0
1222,0.0
1223,0.0
1224,0.0
1225,0.0
1226,0.0
1227,0.0
1228,0.0
1229,0.0
1230,0.0
1231,0.0
1232,0.68
1233,55.31
1234,124.4
1235,204.32
1236,261.38
1237,284.93
1238,295.37
1239,285.78
1240,197.22
1241,165.1
1242,101.87
1243,5.05
1244,0.0
1245,0.0
1246,0.0
1247,0.0
1248,0.0
1249,0.0
1250,0.0
1251,0.0
1252,0.0
1253,0.0
1254,0.0
1255,0.0
1256,3.08
1257,63.68
1258,133.77
1259,193.96
1260,271.45
1261,295.7
1262,300.65
1263,286.28
1264,241.48
1265,67.31
1266,61.19
1267,27.89
1268,0.0
1269,0.0
1270,0.0
1271,0.0
1272,0.0
1273,0.0
1274,0.0
1275,0.0
1276,0.0
1277,0.0
1278,0.0
1279,0.0
1280,2.4
1281,72.48
1282,147.06
1283,206.13
1284,271.7
1285,297.48
1286,302.26
1287,290.26
1288,254.59
1289,185.8
1290,54.8
1291,8.12
1292,0.0
1293,0.0
1294,0.0
1295,0.0
1296,0.0
1297,0.0
1298,0.0
1299,0.0
1300,0.0
1301,0.0
1302,0.0
1303,0.0
1304,0.69
1305,65.27
1306,136.31
1307,186.82
1308,207.32
1309,232.14
1310,292.87
1311,209.38
1312,192.96
1313,129.31
1314,100.44
1315,34.48
1316,0.0
1317,0.0
1318,0.0
1319,0.0
1320,0.0
1321,0.0
1322,0.0
1323,0.0
1324,0.0
1325,0.0
1326,0.0
1327,0.0
1328,4.46
1329,70.6
1330,150.23
1331,224.03
1332,270.22
1333,299.12
1334,305.45
1335,290.22
1336,258.15
1337,201.6
1338,129.87
1339,45.35
1340,0.0
1341,0.0
1342,0.0
1343,0.0
1344,0.0
1345,0.0
1346,0.0
1347,0.0
1348,0.0
1349,0.0
1350,0.0
1351,0.0
1352,4.47
1353,80.84
1354,160.93
1355,203.24
1356,275.18
1357,300.16
1358,304.95
1359,291.45
1360,258.21
1361,202.47
1362,130.67
1363,50.16
1364,0.0
1365,0.0
1366,0.0
1367,0.0
1368,0.0
1369,0.0
1370,0.0
1371,0.0
1372,0.0
1373,0.0
1374,0.0
1375,0.0
1376,2.05
1377,79.54
1378,158.99
1379,197.93
1380,271.46
1381,299.74
1382,304.19
1383,290.85
1384,255.7
1385,197.67
1386,128.18
1387,46.78
1388,0.0
1389,0.0
1390,0.0
1391,0.0
1392,0.0
1393,0.0
1394,0.0
1395,0.0
1396,0.0
1397,0.0
1398,0.0
1399,0.0
1400,3.75
1401,75.44
1402,146.35
1403,199.34
1404,253.18
1405,274.19
1406,285.04
1407,281.15
1408,248.3
1409,197.61
1410,126.32
1411,48.22
1412,0.0
1413,0.0
1414,0.0
1415,0.0
1416,0.0
1417,0.0
1418,0.0
1419,0.0
1420,0.0
1421,0.0
1422,0.0
1423,0.0
1424,0.0
1425,26.57
1426,86.34
1427,204.3
1428,259.64
1429,289.02
1430,301.73
1431,293.77
1432,266.7
1433,219.67
1434,155.5
1435,42.7
1436,0.0
1437,0.0
1438,0.0
1439,0.0
1440,0.0
1441,0.0
1442,0.0
1443,0.0
1444,0.0
1445,0.0
1446,0.0
1447,0.0
1448,0.0
1449,43.2
1450,124.27
1451,196.71
1452,257.27
1453,287.74
1454,300.66
1455,296.65
1456,263.19
1457,218.2
1458,108.94
1459,44.95
1460,0.0
1461,0.0
1462,0.0
1463,0.0
1464,0.0
1465,0.0
1466,0.0
1467,0.0
1468,0.0
1469,0.0
1470,0.0
1471,0.0
1472,0.0
1473,43.7
1474,17.87
1475,181.23
1476,252.62
1477,289.3
1478,302.28
1479,281.32
1480,267.98
1481,26.07
1482,22.74
1483,11.77
1484,0.0
1485,0.0
1486,0.0
1487,0.0
1488,0.0
1489,0.0
1490,0.0
1491,0.0
1492,0.0
1493,0.0
1494,0.0
1495,0.0
1496,0.0
1497,32.66
1498,119.27
1499,194.09
1500,251.3
1501,279.31
1502,295.83
1503,286.67
1504,258.86
1505,209.36
1506,142.08
1507,44.31
1508,0.0
1509,0.0
1510,0.0
1511,0.0
1512,0.0
1513,0.0
1514,0.0
1515,0.0
1516,0.0
1517,0.0
1518,0.0
1519,0.0
1520,0.0
1521,34.75
1522,115.5
1523,204.06
1524,256.39
1525,291.49
1526,303.99
1527,297.62
1528,268.71
1529,220.32
1530,154.08
1531,27.87
1532,0.0
1533,0.0
1534,0.0
1535,0.0
1536,0.0
1537,0.0
1538,0.0
1539,0.0
1540,0.0
1541,0.0
1542,0.0
1543,0.0
1544,0.0
1545,26.17
1546,118.2
1547,192.76
1548,241.24
1549,287.54
1550,299.08
1551,288.14
1552,265.8
1553,207.88
1554,149.99
1555,73.24
1556,0.0
1557,0.0
1558,0.0
1559,0.0
1560,0.0
1561,0.0
1562,0.0
1563,0.0
1564,0.0
1565,0.0
1566,0.0
1567,0.0
1568,0.0
1569,40.49
1570,118.91
1571,195.27
1572,248.79
1573,276.44
1574,288.18
1575,286.14
1576,264.5
1577,202.14
1578,136.15
1579,16.11
1580,0.0
1581,0.0
1582,0.0
1583,0.0
1584,0.0
1585,0.0
1586,0.0
1587,0.0
1588,0.0
1589,0.0
1590,0.0
1591,0.0
1592,0.0
1593,50.89
1594,128.04
1595,201.48
1596,256.37
1597,288.51
1598,299.18
1599,294.72
1600,264.89
1601,211.39
1602,155.9
1603,81.44
1604,0.0
1605,0.0
1606,0.0
1607,0.0
1608,0.0
1609,0.0
1610,0.0
1611,0.0
1612,0.0
1613,0.0
1614,0.0
1615,0.0
1616,0.0
1617,46.24
1618,127.31
1619,201.96
1620,259.1
1621,292.54
1622,303.61
1623,297.49
1624,265.58
1625,154.51
1626,86.84
1627,17.81
1628,0.0
1629,0.0
1630,0.0
1631,0.0
1632,0.0
1633,0.0
1634,0.0
1635,0.0
1636,0.0
1637,0.0
1638,0.0
1639,0.0
1640,0.0
1641,51.16
1642,132.71
1643,205.78
1644,259.72
1645,295.22
1646,305.92
1647,298.25
1648,267.79
1649,219.26
1650,151.7
1651,78.18
1652,0.0
1653,0.0
1654,0.0
1655,0.0
1656,0.0
1657,0.0
1658,0.0
1659,0.0
1660,0.0
1661,0.0
1662,0.0
1663,0.0
1664,0.0
1665,52.23
1666,134.78
1667,206.04
1668,261.58
1669,297.4
1670,309.33
1671,301.72
1672,272.1
1673,223.43
1674,161.83
1675,77.4
1676,0.0
1677,0.0
1678,0.0
1679,0.0
1680,0.0
1681,0.0
1682,0.0
1683,0.0
1684,0.0
1685,0.0
1686,0.0
1687,0.0
1688,0.0
1689,49.95
1690,113.88
1691,0.0
1692,249.44
1693,286.82
1694,294.51
1695,287.45
1696,244.82
1697,48.82
1698,29.18
1699,24.69
1700,0.0
1701,0.0
1702,0.0
1703,0.0
1704,0.0
1705,0.0
1706,0.0
1707,0.0
1708,0.0
1709,0.0
1710,0.0
1711,0.0
1712,0.0
1713,34.14
1714,64.01
1715,206.65
1716,257.2
1717,295.67
1718,307.13
1719,300.82
1720,269.05
1721,213.74
1722,76.96
1723,32.82
1724,0.0
1725,0.0
1726,0.0
1727,0.0
1728,0.0
1729,0.0
1730,0.0
1731,0.0
1732,0.0
1733,0.0
1734,0.0
1735,0.0
1736,0.0
1737,30.94
1738,120.53
1739,206.11
1740,259.02
1741,282.51
1742,277.23
1743,284.17
1744,253.62
1745,203.71
1746,83.36
1747,32.35
1748,0.0
1749,0.0
1750,0.0
1751,0.0
1752,0.0
1753,0.0
1754,0.0
1755,0.0
1756,0.0
1757,0.0
1758,0.0
1759,0.0
1760,0.0
1761,38.82
1762,97.62
1763,177.01
1764,232.29
1765,285.93
1766,267.56
1767,273.95
1768,251.35
1769,177.09
1770,136.38
1771,65.83
1772,0.0
1773,0.0
1774,0.0
1775,0.0
1776,0.0
1777,0.0
1778,0.0
1779,0.0
1780,0.0
1781,0.0
1782,0.0
1783,0.0
1784,0.0
1785,51.15
1786,128.73
1787,196.22
1788,248.52
1789,280.44
1790,294.48
1791,289.36
1792,258.21
1793,128.42
1794,15.18
1795,7.44
1796,0.0
1797,0.0
1798,0.0
1799,0.0
1800,0.0
1801,0.0
1802,0.0
1803,0.0
1804,0.0
1805,0.0
1806,0.0
1807,0.0
1808,0.0
1809,15.01
1810,125.99
1811,206.45
1812,253.23
1813,288.87
1814,238.03
1815,296.54
1816,217.43
1817,203.06
1818,15.22
1819,13.52
1820,0.0
1821,0.0
1822,0.0
1823,0.0
1824,0.0
1825,0.0
1826,0.0
1827,0.0
1828,0.0
1829,0.0
1830,0.0
1831,0.0
1832,0.0
1833,5.14
1834,14.63
1835,113.42
1836,246.64
1837,284.23
1838,299.47
1839,299.94
1840,258.94
1841,214.14
1842,148.75
1843,42.64
1844,0.0
1845,0.0
1846,0.0
1847,0.0
1848,0.0
1849,0.0
1850,0.0
1851,0.0
1852,0.0
1853,0.0
1854,0.0
1855,0.0
1856,0.0
1857,29.08
1858,124.72
1859,195.79
1860,253.86
1861,292.57
1862,290.45
1863,245.82
1864,272.66
1865,223.2
1866,132.49
1867,44.19
1868,0.0
1869,0.0
1870,0.0
1871,0.0
1872,0.0
1873,0.0
1874,0.0
1875,0.0
1876,0.0
1877,0.0
1878,0.0
1879,0.0
1880,0.0
1881,6.86
1882,33.23
1883,159.43
1884,207.25
1885,224.38
1886,188.71
1887,143.13
1888,192.49
1889,142.87
1890,78.75
1891,37.97
1892,0.0
1893,0.0
1894,0.0
1895,0.0
1896,0.0
1897,0.0
1898,0.0
1899,0.0
1900,0.0
1901,0.0
1902,0.0
1903,0.0
1904,0.0
1905,22.48
1906,83.53
1907,163.84
1908,248.88
1909,295.15
1910,306.39
1911,295.47
1912,274.56
1913,197.64
1914,144.71
1915,36.98
1916,0.0
1917,0.0
1918,0.0
1919,0.0
1920,0.0
1921,0.0
1922,0.0
1923,0.0
1924,0.0
1925,0.0
1926,0.0
1927,0.0
1928,0.0
1929,5.14
1930,72.3
1931,127.56
1932,169.45
1933,236.04
1934,270.31
1935,182.13
1936,60.85
1937,166.73
1938,153.53
1939,36.55
1940,0.0
1941,0.0
1942,0.0
1943,0.0
1944,0.0
1945,0.0
1946,0.0
1947,0.0
1948,0.0
1949,0.0
1950,0.0
1951,0.0
1952,0.0
1953,17.38
1954,46.64
1955,40.19
1956,69.03
1957,115.8
1958,267.72
1959,265.89
1960,229.71
1961,158.59
1962,139.55
1963,66.1
1964,0.0
1965,0.0
1966,0.0
1967,0.0
1968,0.0
1969,0.0
1970,0.0
1971,0.0
1972,0.0
1973,0.0
1974,0.0
1975,0.0
1976,0.0
1977,59.81
1978,136.49
1979,193.13
1980,251.18
1981,290.39
1982,310.13
1983,291.8
1984,272.34
1985,218.54
1986,153.32
1987,54.03
1988,0.0
1989,0.0
1990,0.0
1991,0.0
1992,0.0
1993,0.0
1994,0.0
1995,0.0
1996,0.0
1997,0.0
1998,0.0
1999,0.0
2000,0.0
2001,29.81
2002,135.94
2003,196.66
2004,249.63
2005,193.13
2006,238.77
2007,271.49
2008,238.94
2009,199.01
2010,19.88
2011,53.13
2012,0.0
2013,0.0
2014,0.0
2015,0.0
2016,0.0
2017,0.0
2018,0.0
2019,0.0
2020,0.0
2021,0.0
2022,0.0
2023,0.0
2024,0.0
2025,12.95
2026,106.35
2027,146.81
2028,236.04
2029,267.96
2030,275.17
2031,284.39
2032,184.41
2033,221.47
2034,97.38
2035,66.76
2036,0.0
2037,0.0
2038,0.0
2039,0.0
2040,0.0
2041,0.0
2042,0.0
2043,0.0
2044,0.0
2045,0.0
2046,0.0
2047,0.0
2048,0.0
2049,56.41
2050,136.1
2051,180.2
2052,260.47
2053,297.34
2054,312.53
2055,306.95
2056,272.06
2057,226.89
2058,140.74
2059,62.78
2060,0.0
2061,0.0
2062,0.0
2063,0.0
2064,0.0
2065,0.0
2066,0.0
2067,0.0
2068,0.0
2069,0.0
2070,0.0
2071,0.0
2072,0.0
2073,58.5
2074,142.13
2075,205.65
2076,266.42
2077,293.32
2078,316.39
2079,299.56
2080,233.21
2081,181.39
2082,63.35
2083,6.74
2084,0.0
2085,0.0
2086,0.0
2087,0.0
2088,0.0
2089,0.0
2090,0.0
2091,0.0
2092,0.0
2093,0.0
2094,0.0
2095,0.0
2096,0.0
2097,60.17
2098,144.33
2099,201.96
2100,266.88
2101,302.22
2102,309.93
2103,303.73
2104,273.86
2105,228.22
2106,158.26
2107,72.66
2108,0.0
2109,0.0
2110,0.0
2111,0.0
2112,0.0
2113,0.0
2114,0.0
2115,0.0
2116,0.0
2117,0.0
2118,0.0
2119,0.0
2120,0.0
2121,60.06
2122,142.36
2123,204.58
2124,255.56
2125,298.64
2126,308.57
2127,306.82
2128,271.03
2129,216.43
2130,144.63
2131,63.79
2132,0.0
2133,0.0
2134,0.0
2135,0.0
2136,0.0
2137,0.0
2138,0.0
2139,0.0
2140,0.0
2141,0.0
2142,0.0
2143,0.0
2144,0.0
2145,63.23
2146,147.34
2147,203.96
2148,268.9
2149,304.29
2150,318.48
2151,309.0
2152,275.37
2153,229.24
2154,160.06
2155,74.61
2156,0.0
2157,0.0
2158,0.0
2159,0.0
2160,0.0
2161,0.0
2162,0.0
2163,0.0
2164,0.0
2165,0.0
2166,0.0
2167,0.0
2168,2.74
2169,17.4
2170,74.09
2171,96.21
2172,139.38
2173,270.58
2174,282.5
2175,268.45
2176,185.11
2177,126.47
2178,81.29
2179,25.96
2180,0.0
2181,0.0
2182,0.0
2183,0.0
2184,0.0
2185,0.0
2186,0.0
2187,0.0
2188,0.0
2189,0.0
2190,0.0
2191,0.0
2192,5.83
2193,12.94
2194,115.54
2195,202.31
2196,260.92
2197,293.46
2198,291.72
2199,223.98
2200,32.28
2201,104.45
2202,78.8
2203,15.12
2204,0.0
2205,0.0
2206,0.0
2207,0.0
2208,0.0
2209,0.0
2210,0.0
2211,0.0
2212,0.0
2213,0.0
2214,0.0
2215,0.0
2216,9.89
2217,96.22
2218,169.26
2219,200.71
2220,276.01
2221,303.44
2222,305.9
2223,289.31
2224,251.03
2225,173.55
2226,78.54
2227,14.64
2228,0.0
2229,0.0
2230,0.0
2231,0.0
2232,0.0
2233,0.0
2234,0.0
2235,0.0
2236,0.0
2237,0.0
2238,0.0
2239,0.0
2240,10.22
2241,95.58
2242,170.43
2243,183.12
2244,270.82
2245,287.55
2246,302.95
2247,283.55
2248,162.0
2249,105.42
2250,76.02
2251,39.78
2252,0.0
2253,0.0
2254,0.0
2255,0.0
2256,0.0
2257,0.0
2258,0.0
2259,0.0
2260,0.0
2261,0.0
2262,0.0
2263,0.0
2264,2.73
2265,13.56
2266,22.93
2267,32.18
2268,221.74
2269,276.19
2270,137.54
2271,277.03
2272,211.05
2273,118.16
2274,114.64
2275,17.23
2276,0.0
2277,0.0
2278,0.0
2279,0.0
2280,0.0
2281,0.0
2282,0.0
2283,0.0
2284,0.0
2285,0.0
2286,0.0
2287,0.0
2288,3.09
2289,18.07
2290,66.34
2291,111.25
2292,98.85
2293,99.59
2294,239.92
2295,269.83
2296,212.34
2297,126.78
2298,52.94
2299,18.97
2300,0.0
2301,0.0
2302,0.0
2303,0.0
2304,0.0
2305,0.0
2306,0.0
2307,0.0
2308,0.0
2309,0.0
2310,0.0
2311,0.0
2312,1.37
2313,8.9
2314,24.77
2315,80.88
2316,172.28
2317,192.42
2318,207.11
2319,278.35
2320,214.62
2321,187.58
2322,97.17
2323,14.9
2324,0.0
2325,0.0
2326,0.0
2327,0.0
2328,0.0
2329,0.0
2330,0.0
2331,0.0
2332,0.0
2333,0.0
2334,0.0
2335,0.0
2336,10.27
2337,32.87
2338,128.08
2339,144.52
2340,282.09
2341,305.55
2342,307.46
2343,288.69
2344,239.68
2345,143.97
2346,29.04
2347,14.5
2348,0.0
2349,0.0
2350,0.0
2351,0.0
2352,0.0
2353,0.0
2354,0.0
2355,0.0
2356,0.0
2357,0.0
2358,0.0
2359,0.0
2360,10.62
2361,98.01
2362,174.82
2363,233.3
2364,280.06
2365,295.41
2366,306.42
2367,283.63
2368,242.9
2369,172.33
2370,10.77
2371,10.49
2372,0.0
2373,0.0
2374,0.0
2375,0.0
2376,0.0
2377,0.0
2378,0.0
2379,0.0
2380,0.0
2381,0.0
2382,0.0
2383,0.0
2384,9.93
2385,85.9
2386,178.68
2387,230.3
2388,283.33
2389,307.12
2390,309.0
2391,290.61
2392,251.73
2393,193.75
2394,10.72
2395,8.1
2396,0.0
2397,0.0
2398,0.0
2399,0.0
2400,0.0
2401,0.0
2402,0.0
2403,0.0
2404,0.0
2405,0.0
2406,0.0
2407,0.0
2408,10.63
2409,75.25
2410,172.71
2411,225.13
2412,264.89
2413,271.31
2414,294.14
2415,276.35
2416,240.0
2417,184.06
2418,111.17
2419,33.34
2420,0.0
2421,0.0
2422,0.0
2423,0.0
2424,0.0
2425,0.0
2426,0.0
2427,0.0
2428,0.0
2429,0.0
2430,0.0
2431,0.0
2432,11.31
2433,58.06
2434,174.57
2435,225.92
2436,276.79
2437,294.88
2438,305.46
2439,287.86
2440,249.13
2441,186.22
2442,29.76
2443,3.39
2444,0.0
2445,0.0
2446,0.0
2447,0.0
2448,0.0
2449,0.0
2450,0.0
2451,0.0
2452,0.0
2453,0.0
2454,0.0
2455,0.0
2456,10.57
2457,26.38
2458,123.91
2459,130.23
2460,0.0
2461,308.1
2462,305.27
2463,290.35
2464,215.93
2465,171.45
2466,120.02
2467,27.14
2468,0.0
2469,0.0
2470,0.0
2471,0.0
2472,0.0
2473,0.0
2474,0.0
2475,0.0
2476,0.0
2477,0.0
2478,0.0
2479,0.0
2480,6.52
2481,78.04
2482,174.28
2483,229.8
2484,280.86
2485,307.48
2486,307.65
2487,290.21
2488,252.58
2489,197.2
2490,118.88
2491,32.77
2492,0.0
2493,0.0
2494,0.0
2495,0.0
2496,0.0
2497,0.0
2498,0.0
2499,0.0
2500,0.0
2501,0.0
2502,0.0
2503,0.0
2504,4.11
2505,28.75
2506,55.79
2507,99.13
2508,225.02
2509,297.06
2510,143.49
2511,257.22
2512,246.32
2513,193.98
2514,87.81
2515,9.49
2516,0.0
2517,0.0
2518,0.0
2519,0.0
2520,0.0
2521,0.0
2522,0.0
2523,0.0
2524,0.0
2525,0.0
2526,0.0
2527,0.0
2528,2.41
2529,33.57
2530,0.0
2531,213.9
2532,224.35
2533,250.52
2534,252.31
2535,261.43
2536,127.6
2537,19.61
2538,10.54
2539,14.98
2540,0.0
2541,0.0
2542,0.0
2543,0.0
2544,0.0
2545,0.0
2546,0.0
2547,0.0
2548,0.0
2549,0.0
2550,0.0
2551,0.0
2552,10.31
2553,49.01
2554,123.43
2555,212.68
2556,245.68
2557,268.39
2558,280.13
2559,283.63
2560,250.55
2561,186.91
2562,17.29
2563,15.71
2564,0.0
2565,0.0
2566,0.0
2567,0.0
2568,0.0
2569,0.0
2570,0.0
2571,0.0
2572,0.0
2573,0.0
2574,0.0
2575,0.0
2576,2.75
2577,62.47
2578,178.0
2579,237.82
2580,280.11
2581,298.56
2582,296.5
2583,270.95
2584,132.95
2585,109.86
2586,10.51
2587,4.08
2588,0.0
2589,0.0
2590,0.0
2591,0.0
2592,0.0
2593,0.0
2594,0.0
2595,0.0
2596,0.0
2597,0.0
2598,0.0
2599,0.0
2600,11.33
2601,54.8
2602,150.27
2603,237.86
2604,278.23
2605,304.55
2606,223.02
2607,222.23
2608,135.02
2609,190.77
2610,116.84
2611,25.82
2612,0.0
2613,0.0
2614,0.0
2615,0.0
2616,0.0
2617,0.0
2618,0.0
2619,0.0
2620,0.0
2621,0.0
2622,0.0
2623,0.0
2624,4.81
2625,62.6
2626,176.25
2627,243.43
2628,282.71
2629,305.84
2630,300.1
2631,288.01
2632,248.8
2633,195.12
2634,118.03
2635,18.06
2636,0.0
2637,0.0
2638,0.0
2639,0.0
2640,0.0
2641,0.0
2642,0.0
2643,0.0
2644,0.0
2645,0.0
2646,0.0
2647,0.0
2648,8.23
2649,53.44
2650,177.43
2651,237.79
2652,271.07
2653,296.22
2654,295.8
2655,253.56
2656,194.88
2657,17.46
2658,19.48
2659,12.91
2660,0.0
2661,0.0
2662,0.0
2663,0.0
2664,0.0
2665,0.0
2666,0.0
2667,0.0
2668,0.0
2669,0.0
2670,0.0
2671,0.0
2672,9.27
2673,76.24
2674,136.58
2675,136.48
2676,255.37
2677,271.54
2678,213.07
2679,33.4
2680,141.03
2681,74.73
2682,46.94
2683,16.92
2684,0.0
2685,0.0
2686,0.0
2687,0.0
2688,0.0
2689,0.0
2690,0.0
2691,0.0
2692,0.0
2693,0.0
2694,0.0
2695,0.0
2696,4.48
2697,24.18
2698,57.6
2699,53.86
2700,201.33
2701,252.39
2702,239.2
2703,274.02
2704,236.85
2705,179.78
2706,109.14
2707,27.06
2708,0.0
2709,0.0
2710,0.0
2711,0.0
2712,0.0
2713,0.0
2714,0.0
2715,0.0
2716,0.0
2717,0.0
2718,0.0
2719,0.0
2720,10.98
2721,74.84
2722,154.6
2723,242.39
2724,265.0
2725,97.05
2726,94.8
2727,29.75
2728,33.12
2729,25.42
2730,18.36
2731,11.26
2732,0.0
2733,0.0
2734,0.0
2735,0.0
2736,0.0
2737,0.0
2738,0.0
2739,0.0
2740,0.0
2741,0.0
2742,0.0
2743,0.0
2744,3.79
2745,20.19
2746,148.19
2747,221.26
2748,223.99
2749,235.61
2750,128.11
2751,274.38
2752,244.47
2753,179.95
2754,111.03
2755,19.11
2756,0.0
2757,0.0
2758,0.0
2759,0.0
2760,0.0
2761,0.0
2762,0.0
2763,0.0
2764,0.0
2765,0.0
2766,0.0
2767,0.0
2768,12.73
2769,101.43
2770,180.27
2771,240.67
2772,280.88
2773,303.35
2774,304.58
2775,286.84
2776,128.33
2777,48.56
2778,52.15
2779,21.31
2780,0.0
2781,0.0
2782,0.0
2783,0.0
2784,0.0
2785,0.0
2786,0.0
2787,0.0
2788,0.0
2789,0.0
2790,0.0
2791,0.0
2792,13.02
2793,37.71
2794,63.97
2795,102.22
2796,97.93
2797,242.27
2798,123.62
2799,173.41
2800,180.84
2801,178.42
2802,46.32
2803,17.66
2804,0.0
2805,0.0
2806,0.0
2807,0.0
2808,0.0
2809,0.0
2810,0.0
2811,0.0
2812,0.0
2813,0.0
2814,0.0
2815,0.0
2816,12.71
2817,65.43
2818,179.73
2819,239.52
2820,196.63
2821,259.19
2822,271.93
2823,265.84
2824,23.12
2825,48.21
2826,10.46
2827,10.82
2828,0.0
2829,0.0
2830,0.0
2831,0.0
2832,0.0
2833,0.0
2834,0.0
2835,0.0
2836,0.0
2837,0.0
2838,0.0
2839,0.0
2840,8.93
2841,35.61
2842,167.79
2843,238.03
2844,276.27
2845,300.13
2846,302.45
2847,284.32
2848,246.37
2849,143.5
2850,10.46
2851,10.47
2852,0.0
2853,0.0
2854,0.0
2855,0.0
2856,0.0
2857,0.0
2858,0.0
2859,0.0
2860,0.0
2861,0.0
2862,0.0
2863,0.0
2864,4.81
2865,8.89
2866,52.54
2867,167.55
2868,230.72
2869,172.05
2870,188.36
2871,217.74
2872,227.91
2873,188.66
2874,104.38
2875,26.71
2876,0.0
2877,0.0
2878,0.0
2879,0.0
2880,0.0
2881,0.0
2882,0.0
2883,0.0
2884,0.0
2885,0.0
2886,0.0
2887,0.0
2888,3.42
2889,15.69
2890,118.98
2891,146.73
2892,267.88
2893,262.58
2894,261.42
2895,267.05
2896,109.02
2897,96.65
2898,9.82
2899,11.53
2900,0.0
2901,0.0
2902,0.0
2903,0.0
2904,0.0
2905,0.0
2906,0.0
2907,0.0
2908,0.0
2909,0.0
2910,0.0
2911,0.0
2912,9.27
2913,107.5
2914,184.07
2915,243.49
2916,284.41
2917,304.03
2918,0.0
2919,284.58
2920,244.86
2921,185.14
2922,95.23
2923,2.7
2924,0.0
2925,0.0
2926,0.0
2927,0.0
2928,0.0
2929,0.0
2930,0.0
2931,0.0
2932,0.0
2933,0.0
2934,0.0
2935,0.0
2936,1.72
2937,20.06
2938,72.8
2939,47.41
2940,46.72
2941,59.1
2942,167.05
2943,226.21
2944,221.32
2945,185.57
2946,67.45
2947,9.13
2948,0.0
2949,0.0
2950,0.0
2951,0.0
2952,0.0
2953,0.0
2954,0.0
2955,0.0
2956,0.0
2957,0.0
2958,0.0
2959,0.0
2960,6.53
2961,107.44
2962,172.77
2963,214.71
2964,258.07
2965,299.91
2966,295.54
2967,281.49
2968,241.33
2969,187.12
2970,104.84
2971,2.72
2972,0.0
2973,0.0
2974,0.0
2975,0.0
2976,0.0
2977,0.0
2978,0.0
2979,0.0
2980,0.0
2981,0.0
2982,0.0
2983,0.0
2984,13.33
2985,104.63
2986,175.03
2987,233.13
2988,278.44
2989,295.99
2990,297.78
2991,275.73
2992,227.76
2993,23.56
2994,19.28
2995,11.21
2996,0.0
2997,0.0
2998,0.0
2999,0.0
3000,0.0
3001,0.0
3002,0.0
3003,0.0
3004,0.0
3005,0.0
3006,0.0
3007,0.0
3008,13.02
3009,103.29
3010,139.4
3011,233.33
3012,266.26
3013,274.55
3014,293.07
3015,215.72
3016,22.48
3017,143.11
3018,52.25
3019,4.42
3020,0.0
3021,0.0
3022,0.0
3023,0.0
3024,0.0
3025,0.0
3026,0.0
3027,0.0
3028,0.0
3029,0.0
3030,0.0
3031,0.0
3032,12.67
3033,70.41
3034,69.53
3035,93.05
3036,229.65
3037,278.21
3038,287.47
3039,267.07
3040,225.53
3041,160.75
3042,21.38
3043,16.06
3044,0.0
3045,0.0
3046,0.0
3047,0.0
3048,0.0
3049,0.0
3050,0.0
3051,0.0
3052,0.0
3053,0.0
3054,0.0
3055,0.0
3056,13.03
3057,50.78
3058,176.86
3059,237.89
3060,274.03
3061,231.39
3062,266.93
3063,280.61
3064,78.77
3065,16.59
3066,17.62
3067,14.12
3068,0.0
3069,0.0
3070,0.0
3071,0.0
3072,0.0
3073,0.0
3074,0.0
3075,0.0
3076,0.0
3077,0.0
3078,0.0
3079,0.0
3080,10.65
3081,15.0
3082,95.36
3083,144.65
3084,226.87
3085,241.69
3086,288.32
3087,278.43
3088,238.05
3089,145.59
3090,12.18
3091,10.17
3092,0.0
3093,0.0
3094,0.0
3095,0.0
3096,0.0
3097,0.0
3098,0.0
3099,0.0
3100,0.0
3101,0.0
3102,0.0
3103,0.0
3104,2.06
3105,34.25
3106,104.89
3107,216.09
3108,259.53
3109,237.3
3110,274.22
3111,276.29
3112,228.85
3113,16.47
3114,28.18
3115,15.53
3116,0.0
3117,0.0
3118,0.0
3119,0.0
3120,0.0
3121,0.0
3122,0.0
3123,0.0
3124,0.0
3125,0.0
3126,0.0
3127,0.0
3128,8.25
3129,92.93
3130,181.73
3131,237.98
3132,279.35
3133,295.27
3134,294.47
3135,274.1
3136,169.58
3137,52.51
3138,42.28
3139,10.22
3140,0.0
3141,0.0
3142,0.0
3143,0.0
3144,0.0
3145,0.0
3146,0.0
3147,0.0
3148,0.0
3149,0.0
3150,0.0
3151,0.0
3152,12.71
3153,108.22
3154,184.33
3155,242.26
3156,282.24
3157,299.42
3158,301.05
3159,279.74
3160,232.15
3161,184.9
3162,67.54
3163,2.37
3164,0.0
3165,0.0
3166,0.0
3167,0.0
3168,0.0
3169,0.0
3170,0.0
3171,0.0
3172,0.0
3173,0.0
3174,0.0
3175,0.0
3176,12.69
3177,106.69
3178,182.02
3179,239.33
3180,279.18
3181,299.38
3182,300.01
3183,280.39
3184,240.79
3185,185.48
3186,113.56
3187,31.7
3188,0.0
3189,0.0
3190,0.0
3191,0.0
3192,0.0
3193,0.0
3194,0.0
3195,0.0
3196,0.0
3197,0.0
3198,0.0
3199,0.0
3200,13.36
3201,105.02
3202,180.28
3203,238.88
3204,279.13
3205,297.61
3206,299.23
3207,281.13
3208,239.64
3209,182.46
3210,96.05
3211,31.29
3212,0.0
3213,0.0
3214,0.0
3215,0.0
3216,0.0
3217,0.0
3218,0.0
3219,0.0
3220,0.0
3221,0.0
3222,0.0
3223,0.0
3224,11.32
3225,102.49
3226,178.29
3227,236.22
3228,276.94
3229,297.19
3230,298.77
3231,278.96
3232,238.52
3233,182.73
3234,112.42
3235,32.7
3236,0.0
3237,0.0
3238,0.0
3239,0.0
3240,0.0
3241,0.0
3242,0.0
3243,0.0
3244,0.0
3245,0.0
3246,0.0
3247,0.0
3248,12.99
3249,88.19
3250,177.64
3251,235.62
3252,277.77
3253,296.07
3254,297.92
3255,279.35
3256,239.22
3257,182.42
3258,111.55
3259,30.87
3260,0.0
3261,0.0
3262,0.0
3263,0.0
3264,0.0
3265,0.0
3266,0.0
3267,0.0
3268,0.0
3269,0.0
3270,0.0
3271,0.0
3272,13.01
3273,97.65
3274,173.54
3275,232.55
3276,271.19
3277,292.2
3278,290.32
3279,270.81
3280,231.61
3281,176.41
3282,104.42
3283,27.31
3284,0.0
3285,0.0
3286,0.0
3287,0.0
3288,0.0
3289,0.0
3290,0.0
3291,0.0
3292,0.0
3293,0.0
3294,0.0
3295,0.0
3296,10.6
3297,98.5
3298,170.58
3299,234.21
3300,276.56
3301,294.4
3302,294.06
3303,268.53
3304,237.36
3305,181.2
3306,110.52
3307,33.92
3308,0.0
3309,0.0
3310,0.0
3311,0.0
3312,0.0
3313,0.0
3314,0.0
3315,0.0
3316,0.0
3317,0.0
3318,0.0
3319,0.0
3320,12.32
3321,70.29
3322,178.2
3323,234.08
3324,274.44
3325,292.8
3326,294.42
3327,275.43
3328,237.12
3329,178.68
3330,111.96
3331,28.63
3332,0.0
3333,0.0
3334,0.0
3335,0.0
3336,0.0
3337,0.0
3338,0.0
3339,0.0
3340,0.0
3341,0.0
3342,0.0
3343,0.0
3344,12.98
3345,79.73
3346,149.08
3347,225.0
3348,266.26
3349,285.79
3350,287.76
3351,268.81
3352,223.41
3353,172.73
3354,104.69
3355,31.22
3356,0.0
3357,0.0
3358,0.0
3359,0.0
3360,0.0
3361,0.0
3362,0.0
3363,0.0
3364,0.0
3365,0.0
3366,0.0
3367,0.0
3368,12.32
3369,87.73
3370,165.42
3371,229.15
3372,271.0
3373,286.23
3374,289.7
3375,272.11
3376,232.62
3377,177.11
3378,109.06
3379,31.3
3380,0.0
3381,0.0
3382,0.0
3383,0.0
3384,0.0
3385,0.0
3386,0.0
3387,0.0
3388,0.0
3389,0.0
3390,0.0
3391,0.0
3392,12.65
3393,89.81
3394,163.58
3395,217.22
3396,269.15
3397,288.83
3398,290.67
3399,268.58
3400,229.61
3401,171.45
3402,81.17
3403,12.84
3404,0.0
3405,0.0
3406,0.0
3407,0.0
3408,0.0
3409,0.0
3410,0.0
3411,0.0
3412,0.0
3413,0.0
3414,0.0
3415,0.0
3416,12.3
3417,76.72
3418,176.5
3419,168.87
3420,272.69
3421,292.36
3422,292.59
3423,262.77
3424,238.93
3425,180.28
3426,110.65
3427,31.69
3428,0.0
3429,0.0
3430,0.0
3431,0.0
3432,0.0
3433,0.0
3434,0.0
3435,0.0
3436,0.0
3437,0.0
3438,0.0
3439,0.0
3440,4.8
3441,53.06
3442,175.35
3443,232.06
3444,272.56
3445,290.76
3446,292.55
3447,273.52
3448,236.76
3449,180.41
3450,111.21
3451,32.72
3452,0.0
3453,0.0
3454,0.0
3455,0.0
3456,0.0
3457,0.0
3458,0.0
3459,0.0
3460,0.0
3461,0.0
3462,0.0
3463,0.0
3464,6.54
3465,96.71
3466,174.33
3467,232.24
3468,272.69
3469,291.47
3470,293.77
3471,273.52
3472,234.5
3473,177.03
3474,110.38
3475,30.85
3476,0.0
3477,0.0
3478,0.0
3479,0.0
3480,0.0
3481,0.0
3482,0.0
3483,0.0
3484,0.0
3485,0.0
3486,0.0
3487,0.0
3488,12.7
3489,92.71
3490,169.04
3491,228.75
3492,271.73
3493,290.19
3494,292.06
3495,273.12
3496,236.2
3497,180.23
3498,100.22
3499,11.2
3500,0.0
3501,0.0
3502,0.0
3503,0.0
3504,0.0
3505,0.0
3506,0.0
3507,0.0
3508,0.0
3509,0.0
3510,0.0
3511,0.0
3512,12.69
3513,98.11
3514,174.53
3515,232.19
3516,271.17
3517,289.7
3518,291.7
3519,274.28
3520,234.82
3521,164.03
3522,9.36
3523,3.36
3524,0.0
3525,0.0
3526,0.0
3527,0.0
3528,0.0
3529,0.0
3530,0.0
3531,0.0
3532,0.0
3533,0.0
3534,0.0
3535,0.0
3536,12.31
3537,93.82
3538,171.08
3539,229.16
3540,269.48
3541,287.73
3542,289.38
3543,270.47
3544,231.29
3545,175.34
3546,108.25
3547,28.12
3548,0.0
3549,0.0
3550,0.0
3551,0.0
3552,0.0
3553,0.0
3554,0.0
3555,0.0
3556,0.0
3557,0.0
3558,0.0
3559,0.0
3560,12.35
3561,95.55
3562,170.87
3563,226.49
3564,266.6
3565,283.13
3566,288.43
3567,267.98
3568,229.44
3569,175.18
3570,106.41
3571,31.97
3572,0.0
3573,0.0
3574,0.0
3575,0.0
3576,0.0
3577,0.0
3578,0.0
3579,0.0
3580,0.0
3581,0.0
3582,0.0
3583,0.0
3584,11.99
3585,97.84
3586,172.53
3587,229.34
3588,266.41
3589,285.99
3590,286.42
3591,266.37
3592,229.36
3593,173.94
3594,58.47
3595,12.24
3596,0.0
3597,0.0
3598,0.0
3599,0.0
3600,0.0
3601,0.0
3602,0.0
3603,0.0
3604,0.0
3605,0.0
3606,0.0
3607,0.0
3608,10.28
3609,52.75
3610,131.23
3611,224.07
3612,265.11
3613,246.23
3614,273.02
3615,253.82
3616,192.7
3617,98.61
3618,19.89
3619,19.65
3620,0.0
3621,0.0
3622,0.0
3623,0.0
3624,0.0
3625,0.0
3626,0.0
3627,0.0
3628,0.0
3629,0.0
3630,0.0
3631,0.0
3632,1.71
3633,41.27
3634,154.95
3635,215.18
3636,262.48
3637,287.05
3638,285.98
3639,267.19
3640,231.0
3641,174.71
3642,101.78
3643,32.77
3644,0.0
3645,0.0
3646,0.0
3647,0.0
3648,0.0
3649,0.0
3650,0.0
3651,0.0
3652,0.0
3653,0.0
3654,0.0
3655,0.0
3656,11.69
3657,96.49
3658,166.75
3659,226.31
3660,268.29
3661,288.7
3662,290.67
3663,268.86
3664,231.07
3665,176.0
3666,109.75
3667,33.11
3668,0.0
3669,0.0
3670,0.0
3671,0.0
3672,0.0
3673,0.0
3674,0.0
3675,0.0
3676,0.0
3677,0.0
3678,0.0
3679,0.0
3680,11.3
3681,102.89
3682,176.35
3683,232.04
3684,271.62
3685,293.48
3686,293.95
3687,274.6
3688,237.76
3689,181.75
3690,114.74
3691,33.25
3692,0.0
3693,0.0
3694,0.0
3695,0.0
3696,0.0
3697,0.0
3698,0.0
3699,0.0
3700,0.0
3701,0.0
3702,0.0
3703,0.0
3704,11.33
3705,104.08
3706,177.17
3707,233.53
3708,270.69
3709,292.33
3710,291.27
3711,273.45
3712,235.28
3713,180.97
3714,112.33
3715,33.7
3716,0.0
3717,0.0
3718,0.0
3719,0.0
3720,0.0
3721,0.0
3722,0.0
3723,0.0
3724,0.0
3725,0.0
3726,0.0
3727,0.0
3728,11.7
3729,100.77
3730,175.21
3731,232.5
3732,272.81
3733,292.29
3734,294.7
3735,273.97
3736,237.04
3737,179.27
3738,111.77
3739,33.21
3740,0.0
3741,0.0
3742,0.0
3743,0.0
3744,0.0
3745,0.0
3746,0.0
3747,0.0
3748,0.0
3749,0.0
3750,0.0
3751,0.0
3752,11.68
3753,102.93
3754,173.98
3755,232.5
3756,271.45
3757,293.76
3758,291.82
3759,273.12
3760,235.31
3761,179.97
3762,113.36
3763,33.8
3764,0.0
3765,0.0
3766,0.0
3767,0.0
3768,0.0
3769,0.0
3770,0.0
3771,0.0
3772,0.0
3773,0.0
3774,0.0
3775,0.0
3776,11.32
3777,99.39
3778,173.12
3779,221.28
3780,261.23
3781,284.15
3782,282.11
3783,240.57
3784,225.72
3785,147.62
3786,93.43
3787,28.47
3788,0.0
3789,0.0
3790,0.0
3791,0.0
3792,0.0
3793,0.0
3794,0.0
3795,0.0
3796,0.0
3797,0.0
3798,0.0
3799,0.0
3800,2.06
3801,11.97
3802,28.18
3803,102.46
3804,88.91
3805,112.36
3806,138.92
3807,167.65
3808,183.81
3809,148.92
3810,72.86
3811,32.81
3812,0.0
3813,0.0
3814,0.0
3815,0.0
3816,0.0
3817,0.0
3818,0.0
3819,0.0
3820,0.0
3821,0.0
3822,0.0
3823,0.0
3824,3.45
3825,75.91
3826,27.89
3827,92.58
3828,140.57
3829,270.2
3830,258.68
3831,268.95
3832,232.9
3833,165.87
3834,61.93
3835,4.75
3836,0.0
3837,0.0
3838,0.0
3839,0.0
3840,0.0
3841,0.0
3842,0.0
3843,0.0
3844,0.0
3845,0.0
3846,0.0
3847,0.0
3848,10.37
3849,32.51
3850,91.93
3851,223.64
3852,269.06
3853,288.31
3854,289.36
3855,272.06
3856,235.54
3857,180.14
3858,109.92
3859,12.6
3860,0.0
3861,0.0
3862,0.0
3863,0.0
3864,0.0
3865,0.0
3866,0.0
3867,0.0
3868,0.0
3869,0.0
3870,0.0
3871,0.0
3872,10.98
3873,99.03
3874,171.08
3875,228.96
3876,266.53
3877,287.27
3878,288.23
3879,274.16
3880,235.45
3881,178.51
3882,59.09
3883,15.55
3884,0.0
3885,0.0
3886,0.0
3887,0.0
3888,0.0
3889,0.0
3890,0.0
3891,0.0
3892,0.0
3893,0.0
3894,0.0
3895,0.0
3896,10.65
3897,97.33
3898,170.31
3899,229.01
3900,267.88
3901,288.53
3902,291.4
3903,271.75
3904,234.51
3905,176.96
3906,81.2
3907,24.63
3908,0.0
3909,0.0
3910,0.0
3911,0.0
3912,0.0
3913,0.0
3914,0.0
3915,0.0
3916,0.0
3917,0.0
3918,0.0
3919,0.0
3920,1.38
3921,88.62
3922,169.82
3923,228.7
3924,266.22
3925,286.99
3926,288.36
3927,270.3
3928,234.56
3929,174.56
3930,92.27
3931,19.76
3932,0.0
3933,0.0
3934,0.0
3935,0.0
3936,0.0
3937,0.0
3938,0.0
3939,0.0
3940,0.0
3941,0.0
3942,0.0
3943,0.0
3944,10.32
3945,81.75
3946,142.68
3947,223.58
3948,264.59
3949,287.18
3950,288.72
3951,269.23
3952,231.29
3953,179.07
3954,107.52
3955,10.47
3956,0.0
3957,0.0
3958,0.0
3959,0.0
3960,0.0
3961,0.0
3962,0.0
3963,0.0
3964,0.0
3965,0.0
3966,0.0
3967,0.0
3968,10.3
3969,88.93
3970,162.06
3971,221.8
3972,263.96
3973,286.3
3974,287.6
3975,268.39
3976,234.62
3977,177.06
3978,112.7
3979,24.49
3980,0.0
3981,0.0
3982,0.0
3983,0.0
3984,0.0
3985,0.0
3986,0.0
3987,0.0
3988,0.0
3989,0.0
3990,0.0
3991,0.0
3992,10.28
3993,86.18
3994,162.11
3995,219.23
3996,261.05
3997,283.03
3998,284.27
3999,268.04
4000,231.5
4001,172.27
4002,9.35
4003,23.29
4004,0.0
4005,0.0
4006,0.0
4007,0.0
4008,0.0
4009,0.0
4010,0.0
4011,0.0
4012,0.0
4013,0.0
4014,0.0
4015,0.0
4016,8.6
4017,84.95
4018,162.71
4019,222.64
4020,263.73
4021,284.47
4022,287.35
4023,269.54
4024,233.99
4025,180.1
4026,112.38
4027,35.29
4028,0.0
4029,0.0
4030,0.0
4031,0.0
4032,0.0
4033,0.0
4034,0.0
4035,0.0
4036,0.0
4037,0.0
4038,0.0
4039,0.0
4040,9.64
4041,88.46
4042,164.42
4043,222.41
4044,261.99
4045,280.91
4046,282.54
4047,266.55
4048,230.17
4049,174.95
4050,108.23
4051,13.89
4052,0.0
4053,0.0
4054,0.0
4055,0.0
4056,0.0
4057,0.0
4058,0.0
4059,0.0
4060,0.0
4061,0.0
4062,0.0
4063,0.0
4064,8.95
4065,25.96
4066,126.6
4067,216.12
4068,258.55
4069,270.6
4070,278.63
4071,243.72
4072,230.45
4073,172.76
4074,109.57
4075,34.02
4076,0.0
4077,0.0
4078,0.0
4079,0.0
4080,0.0
4081,0.0
4082,0.0
4083,0.0
4084,0.0
4085,0.0
4086,0.0
4087,0.0
4088,1.38
4089,14.39
4090,100.53
4091,158.15
4092,224.63
4093,184.04
4094,285.53
4095,264.67
4096,214.29
4097,148.35
4098,113.96
4099,34.51
4100,0.0
4101,0.0
4102,0.0
4103,0.0
4104,0.0
4105,0.0
4106,0.0
4107,0.0
4108,0.0
4109,0.0
4110,0.0
4111,0.0
4112,9.29
4113,86.89
4114,166.22
4115,225.04
4116,265.28
4117,286.26
4118,289.54
4119,271.96
4120,235.36
4121,184.53
4122,114.4
4123,27.3
4124,0.0
4125,0.0
4126,0.0
4127,0.0
4128,0.0
4129,0.0
4130,0.0
4131,0.0
4132,0.0
4133,0.0
4134,0.0
4135,0.0
4136,2.41
4137,36.32
4138,141.23
4139,222.57
4140,265.97
4141,288.61
4142,290.38
4143,272.44
4144,236.89
4145,179.32
4146,112.01
4147,25.94
4148,0.0
4149,0.0
4150,0.0
4151,0.0
4152,0.0
4153,0.0
4154,0.0
4155,0.0
4156,0.0
4157,0.0
4158,0.0
4159,0.0
4160,8.58
4161,83.63
4162,147.04
4163,214.64
4164,255.0
4165,251.89
4166,271.93
4167,248.13
4168,221.3
4169,159.63
4170,102.89
4171,31.07
4172,0.0
4173,0.0
4174,0.0
4175,0.0
4176,0.0
4177,0.0
4178,0.0
4179,0.0
4180,0.0
4181,0.0
4182,0.0
4183,0.0
4184,9.25
4185,45.55
4186,98.13
4187,219.41
4188,260.41
4189,279.97
4190,278.56
4191,253.17
4192,216.19
4193,157.97
4194,48.54
4195,32.97
4196,0.0
4197,0.0
4198,0.0
4199,0.0
4200,0.0
4201,0.0
4202,0.0
4203,0.0
4204,0.0
4205,0.0
4206,0.0
4207,0.0
4208,7.58
4209,44.94
4210,30.22
4211,104.63
4212,114.94
4213,59.82
4214,104.61
4215,77.37
4216,170.82
4217,171.69
4218,63.41
4219,38.76
4220,0.0
4221,0.0
4222,0.0
4223,0.0
4224,0.0
4225,0.0
4226,0.0
4227,0.0
4228,0.0
4229,0.0
4230,0.0
4231,0.0
4232,7.55
4233,84.15
4234,159.79
4235,220.55
4236,260.88
4237,280.78
4238,283.05
4239,257.13
4240,227.83
4241,173.57
4242,106.47
4243,35.61
4244,0.0
4245,0.0
4246,0.0
4247,0.0
4248,0.0
4249,0.0
4250,0.0
4251,0.0
4252,0.0
4253,0.0
4254,0.0
4255,0.0
4256,5.14
4257,41.55
4258,114.72
4259,94.29
4260,246.41
4261,283.68
4262,287.25
4263,270.08
4264,215.71
4265,183.61
4266,114.21
4267,36.43
4268,0.0
4269,0.0
4270,0.0
4271,0.0
4272,0.0
4273,0.0
4274,0.0
4275,0.0
4276,0.0
4277,0.0
4278,0.0
4279,0.0
4280,7.9
4281,82.69
4282,0.0
4283,0.0
4284,0.0
4285,254.86
4286,284.64
4287,270.41
4288,237.31
4289,164.41
4290,107.99
4291,29.74
4292,0.0
4293,0.0
4294,0.0
4295,0.0
4296,0.0
4297,0.0
4298,0.0
4299,0.0
4300,0.0
4301,0.0
4302,0.0
4303,0.0
4304,2.41
4305,0.0
4306,0.0
4307,0.0
4308,177.3
4309,200.65
4310,276.41
4311,272.92
4312,237.18
4313,183.41
4314,113.97
4315,34.04
4316,0.0
4317,0.0
4318,0.0
4319,0.0
4320,0.0
4321,0.0
4322,0.0
4323,0.0
4324,0.0
4325,0.0
4326,0.0
4327,0.0
4328,7.58
4329,82.82
4330,160.25
4331,221.07
4332,262.74
4333,284.26
4334,287.93
4335,269.51
4336,232.39
4337,183.8
4338,114.38
4339,39.18
4340,0.0
4341,0.0
4342,0.0
4343,0.0
4344,0.0
4345,0.0
4346,0.0
4347,0.0
4348,0.0
4349,0.0
4350,0.0
4351,0.0
4352,5.48
4353,86.66
4354,162.54
4355,223.56
4356,263.63
4357,284.35
4358,288.46
4359,270.23
4360,233.23
4361,182.12
4362,104.86
4363,22.16
4364,0.0
4365,0.0
4366,0.0
4367,0.0
4368,0.0
4369,0.0
4370,0.0
4371,0.0
4372,0.0
4373,0.0
4374,0.0
4375,0.0
4376,8.57
4377,86.62
4378,163.4
4379,219.92
4380,262.56
4381,278.95
4382,280.37
4383,268.96
4384,233.87
4385,178.32
4386,112.07
4387,5.75
4388,0.0
4389,0.0
4390,0.0
4391,0.0
4392,0.0
4393,0.0
4394,0.0
4395,0.0
4396,0.0
4397,0.0
4398,0.0
4399,0.0
4400,8.25
4401,89.31
4402,164.27
4403,224.16
4404,263.97
4405,284.65
4406,281.59
4407,268.1
4408,227.2
4409,179.66
4410,103.5
4411,3.03
4412,0.0
4413,0.0
4414,0.0
4415,0.0
4416,0.0
4417,0.0
4418,0.0
4419,0.0
4420,0.0
4421,0.0
4422,0.0
4423,0.0
4424,7.57
4425,89.59
4426,165.69
4427,224.67
4428,264.09
4429,286.5
4430,289.17
4431,270.72
4432,234.91
4433,176.59
4434,62.57
4435,3.06
4436,0.0
4437,0.0
4438,0.0
4439,0.0
4440,0.0
4441,0.0
4442,0.0
4443,0.0
4444,0.0
4445,0.0
4446,0.0
4447,0.0
4448,7.57
4449,90.25
4450,119.71
4451,205.01
4452,261.2
4453,284.74
4454,287.49
4455,273.43
4456,236.31
4457,180.98
4458,114.36
4459,29.05
4460,0.0
4461,0.0
4462,0.0
4463,0.0
4464,0.0
4465,0.0
4466,0.0
4467,0.0
4468,0.0
4469,0.0
4470,0.0
4471,0.0
4472,7.88
4473,92.45
4474,165.25
4475,225.29
4476,264.49
4477,287.27
4478,285.57
4479,248.37
4480,236.03
4481,184.73
4482,116.37
4483,34.94
4484,0.0
4485,0.0
4486,0.0
4487,0.0
4488,0.0
4489,0.0
4490,0.0
4491,0.0
4492,0.0
4493,0.0
4494,0.0
4495,0.0
4496,7.53
4497,94.23
4498,167.46
4499,226.4
4500,264.72
4501,287.13
4502,289.93
4503,271.74
4504,236.3
4505,185.1
4506,116.62
4507,35.8
4508,0.0
4509,0.0
4510,0.0
4511,0.0
4512,0.0
4513,0.0
4514,0.0
4515,0.0
4516,0.0
4517,0.0
4518,0.0
4519,0.0
4520,4.83
4521,78.67
4522,139.49
4523,204.24
4524,259.41
4525,286.53
4526,289.71
4527,273.2
4528,234.86
4529,181.43
4530,110.84
4531,20.95
4532,0.0
4533,0.0
4534,0.0
4535,0.0
4536,0.0
4537,0.0
4538,0.0
4539,0.0
4540,0.0
4541,0.0
4542,0.0
4543,0.0
4544,7.93
4545,66.49
4546,165.38
4547,224.77
4548,264.46
4549,0.0
4550,286.19
4551,272.59
4552,238.24
4553,183.26
4554,116.7
4555,39.31
4556,0.0
4557,0.0
4558,0.0
4559,0.0
4560,0.0
4561,0.0
4562,0.0
4563,0.0
4564,0.0
4565,0.0
4566,0.0
4567,0.0
4568,7.22
4569,85.94
4570,162.3
4571,222.56
4572,264.6
4573,287.3
4574,290.42
4575,274.14
4576,238.93
4577,186.65
4578,117.4
4579,39.98
4580,0.0
4581,0.0
4582,0.0
4583,0.0
4584,0.0
4585,0.0
4586,0.0
4587,0.0
4588,0.0
4589,0.0
4590,0.0
4591,0.0
4592,6.2
4593,86.95
4594,157.54
4595,210.09
4596,260.44
4597,284.75
4598,289.1
4599,273.12
4600,236.53
4601,183.62
4602,116.62
4603,39.95
4604,0.0
4605,0.0
4606,0.0
4607,0.0
4608,0.0
4609,0.0
4610,0.0
4611,0.0
4612,0.0
4613,0.0
4614,0.0
4615,0.0
4616,6.88
4617,82.23
4618,157.56
4619,221.04
4620,263.1
4621,286.2
4622,289.7
4623,273.79
4624,237.4
4625,183.02
4626,115.67
4627,40.84
4628,0.0
4629,0.0
4630,0.0
4631,0.0
4632,0.0
4633,0.0
4634,0.0
4635,0.0
4636,0.0
4637,0.0
4638,0.0
4639,0.0
4640,6.19
4641,74.75
4642,154.66
4643,212.87
4644,255.91
4645,269.54
4646,248.2
4647,226.21
4648,219.23
4649,171.23
4650,106.04
4651,32.37
4652,0.0
4653,0.0
4654,0.0
4655,0.0
4656,0.0
4657,0.0
4658,0.0
4659,0.0
4660,0.0
4661,0.0
4662,0.0
4663,0.0
4664,6.55
4665,46.54
4666,147.77
4667,219.4
4668,261.01
4669,284.02
4670,288.96
4671,272.97
4672,234.32
4673,183.16
4674,110.75
4675,43.49
4676,0.0
4677,0.0
4678,0.0
4679,0.0
4680,0.0
4681,0.0
4682,0.0
4683,0.0
4684,0.0
4685,0.0
4686,0.0
4687,0.0
4688,5.87
4689,86.73
4690,160.86
4691,224.39
4692,265.17
4693,287.98
4694,291.08
4695,274.62
4696,238.16
4697,185.5
4698,117.73
4699,41.18
4700,0.0
4701,0.0
4702,0.0
4703,0.0
4704,0.0
4705,0.0
4706,0.0
4707,0.0
4708,0.0
4709,0.0
4710,0.0
4711,0.0
4712,7.25
4713,89.33
4714,165.09
4715,226.4
4716,267.51
4717,288.98
4718,293.87
4719,277.94
4720,240.03
4721,186.88
4722,118.11
4723,42.6
4724,0.0
4725,0.0
4726,0.0
4727,0.0
4728,0.0
4729,0.0
4730,0.0
4731,0.0
4732,0.0
4733,0.0
4734,0.0
4735,0.0
4736,5.86
4737,78.96
4738,157.14
4739,220.68
4740,264.31
4741,287.25
4742,292.13
4743,277.52
4744,241.24
4745,190.0
4746,120.03
4747,42.66
4748,0.0
4749,0.0
4750,0.0
4751,0.0
4752,0.0
4753,0.0
4754,0.0
4755,0.0
4756,0.0
4757,0.0
4758,0.0
4759,0.0
4760,5.85
4761,74.45
4762,148.82
4763,210.0
4764,258.48
4765,283.5
4766,279.52
4767,245.28
4768,176.3
4769,167.78
4770,98.43
4771,25.25
4772,0.0
4773,0.0
4774,0.0
4775,0.0
4776,0.0
4777,0.0
4778,0.0
4779,0.0
4780,0.0
4781,0.0
4782,0.0
4783,0.0
4784,6.19
4785,79.3
4786,153.69
4787,217.23
4788,261.99
4789,284.97
4790,286.99
4791,273.73
4792,236.46
4793,183.08
4794,117.57
4795,39.64
4796,0.0
4797,0.0
4798,0.0
4799,0.0
4800,0.0
4801,0.0
4802,0.0
4803,0.0
4804,0.0
4805,0.0
4806,0.0
4807,0.0
4808,5.86
4809,64.27
4810,152.36
4811,216.51
4812,258.85
4813,275.69
4814,281.0
4815,266.9
4816,133.32
4817,183.71
4818,101.4
4819,30.58
4820,0.0
4821,0.0
4822,0.0
4823,0.0
4824,0.0
4825,0.0
4826,0.0
4827,0.0
4828,0.0
4829,0.0
4830,0.0
4831,0.0
4832,1.72
4833,8.21
4834,120.14
4835,210.73
4836,252.0
4837,281.23
4838,286.58
4839,262.9
4840,197.46
4841,142.94
4842,63.89
4843,39.46
4844,0.0
4845,0.0
4846,0.0
4847,0.0
4848,0.0
4849,0.0
4850,0.0
4851,0.0
4852,0.0
4853,0.0
4854,0.0
4855,0.0
4856,6.52
4857,91.65
4858,144.44
4859,212.89
4860,244.46
4861,278.54
4862,240.95
4863,268.07
4864,238.74
4865,185.84
4866,115.86
4867,41.17
4868,0.0
4869,0.0
4870,0.0
4871,0.0
4872,0.0
4873,0.0
4874,0.0
4875,0.0
4876,0.0
4877,0.0
4878,0.0
4879,0.0
4880,6.53
4881,80.7
4882,158.94
4883,221.56
4884,263.0
4885,287.66
4886,292.64
4887,275.08
4888,239.1
4889,185.21
4890,116.54
4891,41.64
4892,0.0
4893,0.0
4894,0.0
4895,0.0
4896,0.0
4897,0.0
4898,0.0
4899,0.0
4900,0.0
4901,0.0
4902,0.0
4903,0.0
4904,2.41
4905,71.14
4906,148.86
4907,211.53
4908,257.23
4909,284.8
4910,288.44
4911,273.66
4912,235.79
4913,169.66
4914,115.2
4915,41.78
4916,0.0
4917,0.0
4918,0.0
4919,0.0
4920,0.0
4921,0.0
4922,0.0
4923,0.0
4924,0.0
4925,0.0
4926,0.0
4927,0.0
4928,4.12
4929,78.66
4930,146.83
4931,217.2
4932,262.25
4933,283.99
4934,273.63
4935,264.32
4936,235.18
4937,180.48
4938,113.51
4939,24.53
4940,0.0
4941,0.0
4942,0.0
4943,0.0
4944,0.0
4945,0.0
4946,0.0
4947,0.0
4948,0.0
4949,0.0
4950,0.0
4951,0.0
4952,5.14
4953,66.11
4954,149.23
4955,221.03
4956,262.75
4957,267.03
4958,284.73
4959,276.62
4960,239.54
4961,185.42
4962,108.91
4963,25.91
4964,0.0
4965,0.0
4966,0.0
4967,0.0
4968,0.0
4969,0.0
4970,0.0
4971,0.0
4972,0.0
4973,0.0
4974,0.0
4975,0.0
4976,4.12
4977,89.71
4978,160.65
4979,222.68
4980,266.07
4981,288.35
4982,295.36
4983,275.1
4984,165.31
4985,187.32
4986,118.97
4987,43.62
4988,0.0
4989,0.0
4990,0.0
4991,0.0
4992,0.0
4993,0.0
4994,0.0
4995,0.0
4996,0.0
4997,0.0
4998,0.0
4999,0.0
5000,7.2
5001,62.2
5002,130.08
5003,124.11
5004,259.01
5005,282.96
5006,240.51
5007,235.59
5008,238.36
5009,183.78
5010,117.89
5011,38.17
5012,0.0
5013,0.0
5014,0.0
5015,0.0
5016,0.0
5017,0.0
5018,0.0
5019,0.0
5020,0.0
5021,0.0
5022,0.0
5023,0.0
5024,7.55
5025,85.24
5026,115.83
5027,126.3
5028,126.34
5029,40.72
5030,59.02
5031,162.9
5032,222.58
5033,145.13
5034,104.16
5035,43.11
5036,0.0
5037,0.0
5038,0.0
5039,0.0
5040,0.0
5041,0.0
5042,0.0
5043,0.0
5044,0.0
5045,0.0
5046,0.0
5047,0.0
5048,2.4
5049,13.31
5050,68.52
5051,139.29
5052,179.6
5053,191.01
5054,231.85
5055,188.93
5056,207.67
5057,145.87
5058,10.13
5059,25.03
5060,0.0
5061,0.0
5062,0.0
5063,0.0
5064,0.0
5065,0.0
5066,0.0
5067,0.0
5068,0.0
5069,0.0
5070,0.0
5071,0.0
5072,7.22
5073,7.22
5074,26.31
5075,36.4
5076,56.34
5077,40.35
5078,28.55
5079,40.91
5080,75.14
5081,70.64
5082,25.44
5083,21.51
5084,0.0
5085,0.0
5086,0.0
5087,0.0
5088,0.0
5089,0.0
5090,0.0
5091,0.0
5092,0.0
5093,0.0
5094,0.0
5095,0.0
5096,1.72
5097,18.79
5098,27.26
5099,128.57
5100,146.97
5101,236.65
5102,156.22
5103,268.56
5104,124.7
5105,18.35
5106,15.3
5107,41.06
5108,0.0
5109,0.0
5110,0.0
5111,0.0
5112,0.0
5113,0.0
5114,0.0
5115,0.0
5116,0.0
5117,0.0
5118,0.0
5119,0.0
5120,7.58
5121,37.95
5122,166.8
5123,228.64
5124,269.64
5125,290.56
5126,295.87
5127,280.97
5128,242.24
5129,122.13
5130,16.08
5131,25.8
5132,0.0
5133,0.0
5134,0.0
5135,0.0
5136,0.0
5137,0.0
5138,0.0
5139,0.0
5140,0.0
5141,0.0
5142,0.0
5143,0.0
5144,6.87
5145,87.12
5146,155.45
5147,226.53
5148,267.48
5149,289.92
5150,272.52
5151,280.32
5152,235.24
5153,167.5
5154,57.73
5155,26.62
5156,0.0
5157,0.0
5158,0.0
5159,0.0
5160,0.0
5161,0.0
5162,0.0
5163,0.0
5164,0.0
5165,0.0
5166,0.0
5167,0.0
5168,5.17
5169,84.75
5170,164.95
5171,226.31
5172,268.72
5173,292.86
5174,296.74
5175,282.97
5176,246.28
5177,186.25
5178,94.47
5179,16.26
5180,0.0
5181,0.0
5182,0.0
5183,0.0
5184,0.0
5185,0.0
5186,0.0
5187,0.0
5188,0.0
5189,0.0
5190,0.0
5191,0.0
5192,1.03
5193,7.54
5194,18.68
5195,26.35
5196,31.26
5197,70.06
5198,43.97
5199,133.01
5200,192.99
5201,49.03
5202,56.4
5203,19.75
5204,0.0
5205,0.0
5206,0.0
5207,0.0
5208,0.0
5209,0.0
5210,0.0
5211,0.0
5212,0.0
5213,0.0
5214,0.0
5215,0.0
5216,1.04
5217,85.16
5218,162.11
5219,228.55
5220,268.32
5221,292.27
5222,295.86
5223,282.05
5224,245.03
5225,185.49
5226,121.44
5227,42.78
5228,0.0
5229,0.0
5230,0.0
5231,0.0
5232,0.0
5233,0.0
5234,0.0
5235,0.0
5236,0.0
5237,0.0
5238,0.0
5239,0.0
5240,7.58
5241,83.43
5242,160.38
5243,226.99
5244,268.98
5245,290.86
5246,295.47
5247,281.73
5248,245.45
5249,190.36
5250,120.71
5251,28.84
5252,0.0
5253,0.0
5254,0.0
5255,0.0
5256,0.0
5257,0.0
5258,0.0
5259,0.0
5260,0.0
5261,0.0
5262,0.0
5263,0.0
5264,3.44
5265,28.66
5266,26.89
5267,50.12
5268,36.8
5269,72.55
5270,37.31
5271,111.23
5272,141.86
5273,17.47
5274,14.12
5275,12.12
5276,0.0
5277,0.0
5278,0.0
5279,0.0
5280,0.0
5281,0.0
5282,0.0
5283,0.0
5284,0.0
5285,0.0
5286,0.0
5287,0.0
5288,6.17
5289,60.64
5290,72.96
5291,177.55
5292,247.12
5293,286.91
5294,293.16
5295,270.97
5296,242.19
5297,183.9
5298,115.21
5299,24.42
5300,0.0
5301,0.0
5302,0.0
5303,0.0
5304,0.0
5305,0.0
5306,0.0
5307,0.0
5308,0.0
5309,0.0
5310,0.0
5311,0.0
5312,5.15
5313,10.94
5314,27.11
5315,154.31
5316,256.71
5317,276.85
5318,277.24
5319,274.89
5320,217.23
5321,132.88
5322,48.54
5323,4.07
5324,0.0
5325,0.0
5326,0.0
5327,0.0
5328,0.0
5329,0.0
5330,0.0
5331,0.0
5332,0.0
5333,0.0
5334,0.0
5335,0.0
5336,1.03
5337,64.51
5338,129.38
5339,215.91
5340,261.54
5341,285.05
5342,292.24
5343,281.68
5344,210.03
5345,91.18
5346,26.01
5347,42.31
5348,0.0
5349,0.0
5350,0.0
5351,0.0
5352,0.0
5353,0.0
5354,0.0
5355,0.0
5356,0.0
5357,0.0
5358,0.0
5359,0.0
5360,1.38
5361,53.44
5362,98.01
5363,193.18
5364,262.85
5365,290.68
5366,295.86
5367,286.04
5368,242.51
5369,187.91
5370,49.12
5371,7.46
5372,0.0
5373,0.0
5374,0.0
5375,0.0
5376,0.0
5377,0.0
5378,0.0
5379,0.0
5380,0.0
5381,0.0
5382,0.0
5383,0.0
5384,2.07
5385,66.41
5386,150.33
5387,221.28
5388,239.77
5389,264.69
5390,141.86
5391,264.03
5392,242.04
5393,189.47
5394,117.06
5395,22.24
5396,0.0
5397,0.0
5398,0.0
5399,0.0
5400,0.0
5401,0.0
5402,0.0
5403,0.0
5404,0.0
5405,0.0
5406,0.0
5407,0.0
5408,1.03
5409,17.09
5410,128.42
5411,210.1
5412,268.14
5413,287.43
5414,205.79
5415,277.76
5416,243.45
5417,144.89
5418,38.21
5419,11.51
5420,0.0
5421,0.0
5422,0.0
5423,0.0
5424,0.0
5425,0.0
5426,0.0
5427,0.0
5428,0.0
5429,0.0
5430,0.0
5431,0.0
5432,7.58
5433,73.64
5434,116.7
5435,221.87
5436,264.44
5437,293.44
5438,296.64
5439,280.94
5440,206.91
5441,132.6
5442,118.11
5443,29.41
5444,0.0
5445,0.0
5446,0.0
5447,0.0
5448,0.0
5449,0.0
5450,0.0
5451,0.0
5452,0.0
5453,0.0
5454,0.0
5455,0.0
5456,2.76
5457,42.84
5458,19.46
5459,37.89
5460,44.12
5461,47.89
5462,274.87
5463,277.91
5464,218.81
5465,122.5
5466,54.18
5467,23.09
5468,0.0
5469,0.0
5470,0.0
5471,0.0
5472,0.0
5473,0.0
5474,0.0
5475,0.0
5476,0.0
5477,0.0
5478,0.0
5479,0.0
5480,8.63
5481,57.61
5482,166.15
5483,232.36
5484,270.96
5485,292.92
5486,268.89
5487,270.62
5488,238.72
5489,174.9
5490,94.04
5491,15.59
5492,0.0
5493,0.0
5494,0.0
5495,0.0
5496,0.0
5497,0.0
5498,0.0
5499,0.0
5500,0.0
5501,0.0
5502,0.0
5503,0.0
5504,8.93
5505,87.79
5506,165.65
5507,230.23
5508,270.77
5509,293.96
5510,298.83
5511,277.97
5512,191.75
5513,52.08
5514,34.66
5515,24.3
5516,0.0
5517,0.0
5518,0.0
5519,0.0
5520,0.0
5521,0.0
5522,0.0
5523,0.0
5524,0.0
5525,0.0
5526,0.0
5527,0.0
5528,7.91
5529,77.65
5530,165.18
5531,232.07
5532,274.54
5533,297.76
5534,299.16
5535,278.81
5536,242.8
5537,187.19
5538,115.45
5539,3.36
5540,0.0
5541,0.0
5542,0.0
5543,0.0
5544,0.0
5545,0.0
5546,0.0
5547,0.0
5548,0.0
5549,0.0
5550,0.0
5551,0.0
5552,8.94
5553,97.57
5554,173.21
5555,234.53
5556,276.7
5557,297.22
5558,277.45
5559,116.42
5560,244.65
5561,189.18
5562,105.95
5563,37.87
5564,0.0
5565,0.0
5566,0.0
5567,0.0
5568,0.0
5569,0.0
5570,0.0
5571,0.0
5572,0.0
5573,0.0
5574,0.0
5575,0.0
5576,5.51
5577,96.17
5578,174.95
5579,230.34
5580,277.17
5581,306.12
5582,311.86
5583,288.27
5584,243.8
5585,126.78
5586,36.82
5587,6.05
5588,0.0
5589,0.0
5590,0.0
5591,0.0
5592,0.0
5593,0.0
5594,0.0
5595,0.0
5596,0.0
5597,0.0
5598,0.0
5599,0.0
5600,9.65
5601,97.09
5602,174.19
5603,231.89
5604,277.58
5605,303.7
5606,304.72
5607,288.16
5608,250.18
5609,194.01
5610,120.43
5611,41.93
5612,0.0
5613,0.0
5614,0.0
5615,0.0
5616,0.0
5617,0.0
5618,0.0
5619,0.0
5620,0.0
5621,0.0
5622,0.0
5623,0.0
5624,9.29
5625,99.72
5626,174.68
5627,233.74
5628,278.3
5629,301.63
5630,301.38
5631,288.13
5632,247.34
5633,190.18
5634,30.17
5635,3.39
5636,0.0
5637,0.0
5638,0.0
5639,0.0
5640,0.0
5641,0.0
5642,0.0
5643,0.0
5644,0.0
5645,0.0
5646,0.0
5647,0.0
5648,9.66
5649,74.86
5650,170.56
5651,237.8
5652,277.57
5653,299.68
5654,302.61
5655,287.98
5656,248.17
5657,190.24
5658,114.86
5659,21.85
5660,0.0
5661,0.0
5662,0.0
5663,0.0
5664,0.0
5665,0.0
5666,0.0
5667,0.0
5668,0.0
5669,0.0
5670,0.0
5671,0.0
5672,9.95
5673,97.71
5674,170.18
5675,228.57
5676,274.84
5677,297.55
5678,298.71
5679,285.52
5680,245.34
5681,188.85
5682,69.03
5683,3.37
5684,0.0
5685,0.0
5686,0.0
5687,0.0
5688,0.0
5689,0.0
5690,0.0
5691,0.0
5692,0.0
5693,0.0
5694,0.0
5695,0.0
5696,10.29
5697,68.37
5698,96.0
5699,233.66
5700,276.54
5701,298.23
5702,299.08
5703,282.07
5704,242.54
5705,191.33
5706,87.82
5707,3.37
5708,0.0
5709,0.0
5710,0.0
5711,0.0
5712,0.0
5713,0.0
5714,0.0
5715,0.0
5716,0.0
5717,0.0
5718,0.0
5719,0.0
5720,3.1
5721,35.69
5722,171.99
5723,230.46
5724,276.94
5725,299.67
5726,294.86
5727,284.42
5728,246.0
5729,187.28
5730,116.69
5731,31.76
5732,0.0
5733,0.0
5734,0.0
5735,0.0
5736,0.0
5737,0.0
5738,0.0
5739,0.0
5740,0.0
5741,0.0
5742,0.0
5743,0.0
5744,10.6
5745,39.56
5746,162.37
5747,224.75
5748,272.73
5749,296.72
5750,299.78
5751,279.0
5752,214.38
5753,187.41
5754,119.69
5755,35.61
5756,0.0
5757,0.0
5758,0.0
5759,0.0
5760,0.0
5761,0.0
5762,0.0
5763,0.0
5764,0.0
5765,0.0
5766,0.0
5767,0.0
5768,4.13
5769,93.71
5770,169.02
5771,228.13
5772,272.2
5773,297.22
5774,123.36
5775,193.77
5776,232.37
5777,93.24
5778,41.21
5779,16.98
5780,0.0
5781,0.0
5782,0.0
5783,0.0
5784,0.0
5785,0.0
5786,0.0
5787,0.0
5788,0.0
5789,0.0
5790,0.0
5791,0.0
5792,11.37
5793,90.95
5794,167.74
5795,228.65
5796,275.21
5797,275.59
5798,292.33
5799,281.35
5800,240.86
5801,99.95
5802,57.12
5803,17.93
5804,0.0
5805,0.0
5806,0.0
5807,0.0
5808,0.0
5809,0.0
5810,0.0
5811,0.0
5812,0.0
5813,0.0
5814,0.0
5815,0.0
5816,11.29
5817,61.76
5818,136.16
5819,225.13
5820,271.7
5821,295.34
5822,298.52
5823,263.19
5824,207.38
5825,150.42
5826,67.66
5827,10.43
5828,0.0
5829,0.0
5830,0.0
5831,0.0
5832,0.0
5833,0.0
5834,0.0
5835,0.0
5836,0.0
5837,0.0
5838,0.0
5839,0.0
5840,7.84
5841,48.63
5842,157.55
5843,241.55
5844,272.82
5845,264.73
5846,283.68
5847,274.92
5848,238.02
5849,186.93
5850,113.72
5851,32.13
5852,0.0
5853,0.0
5854,0.0
5855,0.0
5856,0.0
5857,0.0
5858,0.0
5859,0.0
5860,0.0
5861,0.0
5862,0.0
5863,0.0
5864,1.71
5865,22.03
5866,126.46
5867,199.47
5868,117.68
5869,80.42
5870,221.8
5871,207.11
5872,235.59
5873,184.51
5874,114.21
5875,6.4
5876,0.0
5877,0.0
5878,0.0
5879,0.0
5880,0.0
5881,0.0
5882,0.0
5883,0.0
5884,0.0
5885,0.0
5886,0.0
5887,0.0
5888,11.97
5889,99.93
5890,172.15
5891,209.59
5892,262.4
5893,290.36
5894,294.51
5895,271.69
5896,244.45
5897,175.32
5898,10.46
5899,3.05
5900,0.0
5901,0.0
5902,0.0
5903,0.0
5904,0.0
5905,0.0
5906,0.0
5907,0.0
5908,0.0
5909,0.0
5910,0.0
5911,0.0
5912,5.83
5913,51.61
5914,28.29
5915,70.59
5916,222.98
5917,258.39
5918,296.21
5919,256.69
5920,223.34
5921,185.32
5922,98.13
5923,35.17
5924,0.0
5925,0.0
5926,0.0
5927,0.0
5928,0.0
5929,0.0
5930,0.0
5931,0.0
5932,0.0
5933,0.0
5934,0.0
5935,0.0
5936,12.33
5937,57.76
5938,109.64
5939,239.69
5940,278.25
5941,303.04
5942,295.57
5943,258.55
5944,226.91
5945,103.14
5946,53.96
5947,21.03
5948,0.0
5949,0.0
5950,0.0
5951,0.0
5952,0.0
5953,0.0
5954,0.0
5955,0.0
5956,0.0
5957,0.0
5958,0.0
5959,0.0
5960,3.77
5961,42.75
5962,35.87
5963,38.42
5964,180.35
5965,79.51
5966,95.01
5967,137.76
5968,146.88
5969,86.44
5970,53.85
5971,17.87
5972,0.0
5973,0.0
5974,0.0
5975,0.0
5976,0.0
5977,0.0
5978,0.0
5979,0.0
5980,0.0
5981,0.0
5982,0.0
5983,0.0
5984,6.51
5985,32.13
5986,74.79
5987,210.92
5988,277.78
5989,302.01
5990,303.24
5991,285.22
5992,248.19
5993,186.13
5994,111.75
5995,30.14
5996,0.0
5997,0.0
5998,0.0
5999,0.0
6000,0.0
6001,0.0
6002,0.0
6003,0.0
6004,0.0
6005,0.0
6006,0.0
6007,0.0
6008,12.97
6009,35.78
6010,66.27
6011,228.24
6012,275.89
6013,291.92
6014,302.75
6015,285.82
6016,248.07
6017,188.81
6018,104.14
6019,11.04
6020,0.0
6021,0.0
6022,0.0
6023,0.0
6024,0.0
6025,0.0
6026,0.0
6027,0.0
6028,0.0
6029,0.0
6030,0.0
6031,0.0
6032,13.37
6033,47.16
6034,158.28
6035,246.79
6036,280.4
6037,303.0
6038,303.63
6039,283.71
6040,246.52
6041,186.45
6042,111.36
6043,29.52
6044,0.0
6045,0.0
6046,0.0
6047,0.0
6048,0.0
6049,0.0
6050,0.0
6051,0.0
6052,0.0
6053,0.0
6054,0.0
6055,0.0
6056,13.66
6057,100.09
6058,174.59
6059,239.98
6060,278.87
6061,302.76
6062,302.0
6063,283.52
6064,245.56
6065,184.31
6066,109.77
6067,9.98
6068,0.0
6069,0.0
6070,0.0
6071,0.0
6072,0.0
6073,0.0
6074,0.0
6075,0.0
6076,0.0
6077,0.0
6078,0.0
6079,0.0
6080,13.99
6081,101.86
6082,178.91
6083,234.76
6084,282.51
6085,305.49
6086,305.1
6087,285.13
6088,245.93
6089,183.7
6090,61.21
6091,13.07
6092,0.0
6093,0.0
6094,0.0
6095,0.0
6096,0.0
6097,0.0
6098,0.0
6099,0.0
6100,0.0
6101,0.0
6102,0.0
6103,0.0
6104,14.0
6105,75.99
6106,171.86
6107,228.47
6108,279.27
6109,294.49
6110,297.54
6111,266.93
6112,226.35
6113,134.73
6114,106.7
6115,13.09
6116,0.0
6117,0.0
6118,0.0
6119,0.0
6120,0.0
6121,0.0
6122,0.0
6123,0.0
6124,0.0
6125,0.0
6126,0.0
6127,0.0
6128,7.18
6129,74.01
6130,150.82
6131,237.35
6132,275.23
6133,282.8
6134,285.78
6135,241.66
6136,233.65
6137,177.35
6138,110.72
6139,10.38
6140,0.0
6141,0.0
6142,0.0
6143,0.0
6144,0.0
6145,0.0
6146,0.0
6147,0.0
6148,0.0
6149,0.0
6150,0.0
6151,0.0
6152,9.89
6153,77.83
6154,175.84
6155,211.61
6156,280.99
6157,299.96
6158,242.95
6159,232.99
6160,237.07
6161,116.96
6162,17.21
6163,6.0
6164,0.0
6165,0.0
6166,0.0
6167,0.0
6168,0.0
6169,0.0
6170,0.0
6171,0.0
6172,0.0
6173,0.0
6174,0.0
6175,0.0
6176,12.6
6177,95.58
6178,165.85
6179,212.66
6180,280.97
6181,289.19
6182,299.1
6183,279.31
6184,234.38
6185,173.82
6186,74.06
6187,2.7
6188,0.0
6189,0.0
6190,0.0
6191,0.0
6192,0.0
6193,0.0
6194,0.0
6195,0.0
6196,0.0
6197,0.0
6198,0.0
6199,0.0
6200,4.45
6201,85.84
6202,150.98
6203,200.68
6204,266.65
6205,295.05
6206,302.59
6207,281.84
6208,239.66
6209,162.25
6210,104.51
6211,21.35
6212,0.0
6213,0.0
6214,0.0
6215,0.0
6216,0.0
6217,0.0
6218,0.0
6219,0.0
6220,0.0
6221,0.0
6222,0.0
6223,0.0
6224,15.03
6225,107.34
6226,184.99
6227,221.29
6228,283.55
6229,305.55
6230,303.67
6231,282.65
6232,241.66
6233,181.71
6234,106.43
6235,28.45
6236,0.0
6237,0.0
6238,0.0
6239,0.0
6240,0.0
6241,0.0
6242,0.0
6243,0.0
6244,0.0
6245,0.0
6246,0.0
6247,0.0
6248,17.79
6249,104.92
6250,180.66
6251,203.08
6252,278.04
6253,298.07
6254,284.89
6255,267.47
6256,233.83
6257,154.33
6258,9.73
6259,10.08
6260,0.0
6261,0.0
6262,0.0
6263,0.0
6264,0.0
6265,0.0
6266,0.0
6267,0.0
6268,0.0
6269,0.0
6270,0.0
6271,0.0
6272,27.72
6273,109.22
6274,182.23
6275,238.53
6276,281.27
6277,302.63
6278,303.3
6279,280.84
6280,237.26
6281,179.91
6282,105.91
6283,26.13
6284,0.0
6285,0.0
6286,0.0
6287,0.0
6288,0.0
6289,0.0
6290,0.0
6291,0.0
6292,0.0
6293,0.0
6294,0.0
6295,0.0
6296,19.39
6297,109.05
6298,180.75
6299,239.85
6300,281.11
6301,304.71
6302,302.14
6303,280.77
6304,238.31
6305,174.63
6306,106.52
6307,27.12
6308,0.0
6309,0.0
6310,0.0
6311,0.0
6312,0.0
6313,0.0
6314,0.0
6315,0.0
6316,0.0
6317,0.0
6318,0.0
6319,0.0
6320,22.71
6321,100.69
6322,170.95
6323,187.98
6324,279.05
6325,294.33
6326,297.74
6327,272.85
6328,233.68
6329,175.76
6330,63.22
6331,11.72
6332,0.0
6333,0.0
6334,0.0
6335,0.0
6336,0.0
6337,0.0
6338,0.0
6339,0.0
6340,0.0
6341,0.0
6342,0.0
6343,0.0
6344,26.87
6345,74.85
6346,162.17
6347,240.16
6348,281.71
6349,298.57
6350,300.55
6351,280.16
6352,236.33
6353,172.91
6354,9.74
6355,2.36
6356,0.0
6357,0.0
6358,0.0
6359,0.0
6360,0.0
6361,0.0
6362,0.0
6363,0.0
6364,0.0
6365,0.0
6366,0.0
6367,0.0
6368,18.61
6369,102.6
6370,146.17
6371,226.9
6372,276.99
6373,299.65
6374,297.41
6375,278.03
6376,235.43
6377,162.94
6378,36.79
6379,19.28
6380,0.0
6381,0.0
6382,0.0
6383,0.0
6384,0.0
6385,0.0
6386,0.0
6387,0.0
6388,0.0
6389,0.0
6390,0.0
6391,0.0
6392,2.73
6393,98.34
6394,82.67
6395,146.17
6396,219.36
6397,157.59
6398,221.21
6399,277.87
6400,235.79
6401,152.55
6402,90.35
6403,21.22
6404,0.0
6405,0.0
6406,0.0
6407,0.0
6408,0.0
6409,0.0
6410,0.0
6411,0.0
6412,0.0
6413,0.0
6414,0.0
6415,0.0
6416,23.02
6417,45.19
6418,128.06
6419,124.12
6420,231.1
6421,286.94
6422,296.46
6423,253.17
6424,161.91
6425,153.25
6426,98.24
6427,2.35
6428,0.0
6429,0.0
6430,0.0
6431,0.0
6432,0.0
6433,0.0
6434,0.0
6435,0.0
6436,0.0
6437,0.0
6438,0.0
6439,0.0
6440,13.63
6441,101.93
6442,172.56
6443,215.13
6444,273.51
6445,262.89
6446,246.15
6447,274.41
6448,232.69
6449,175.6
6450,9.38
6451,2.02
6452,0.0
6453,0.0
6454,0.0
6455,0.0
6456,0.0
6457,0.0
6458,0.0
6459,0.0
6460,0.0
6461,0.0
6462,0.0
6463,0.0
6464,26.49
6465,103.58
6466,180.25
6467,180.94
6468,269.71
6469,289.4
6470,294.93
6471,270.1
6472,235.23
6473,168.17
6474,44.78
6475,2.03
6476,0.0
6477,0.0
6478,0.0
6479,0.0
6480,0.0
6481,0.0
6482,0.0
6483,0.0
6484,0.0
6485,0.0
6486,0.0
6487,0.0
6488,12.65
6489,78.43
6490,153.46
6491,227.59
6492,274.53
6493,299.12
6494,291.93
6495,276.74
6496,234.17
6497,174.93
6498,61.98
6499,2.02
6500,0.0
6501,0.0
6502,0.0
6503,0.0
6504,0.0
6505,0.0
6506,0.0
6507,0.0
6508,0.0
6509,0.0
6510,0.0
6511,0.0
6512,27.23
6513,107.97
6514,187.01
6515,199.21
6516,284.95
6517,304.26
6518,300.97
6519,279.64
6520,235.48
6521,175.3
6522,98.5
6523,10.63
6524,0.0
6525,0.0
6526,0.0
6527,0.0
6528,0.0
6529,0.0
6530,0.0
6531,0.0
6532,0.0
6533,0.0
6534,0.0
6535,0.0
6536,26.23
6537,109.64
6538,185.44
6539,212.34
6540,283.93
6541,298.9
6542,280.32
6543,0.0
6544,186.6
6545,158.08
6546,87.17
6547,17.92
6548,0.0
6549,0.0
6550,0.0
6551,0.0
6552,0.0
6553,0.0
6554,0.0
6555,0.0
6556,0.0
6557,0.0
6558,0.0
6559,0.0
6560,12.85
6561,46.6
6562,168.23
6563,0.0
6564,259.81
6565,299.04
6566,298.74
6567,276.03
6568,229.16
6569,148.09
6570,60.46
6571,6.39
6572,0.0
6573,0.0
6574,0.0
6575,0.0
6576,0.0
6577,0.0
6578,0.0
6579,0.0
6580,0.0
6581,0.0
6582,0.0
6583,0.0
6584,22.6
6585,93.29
6586,160.07
6587,239.21
6588,285.82
6589,303.11
6590,303.41
6591,276.4
6592,167.54
6593,72.25
6594,17.14
6595,5.41
6596,0.0
6597,0.0
6598,0.0
6599,0.0
6600,0.0
6601,0.0
6602,0.0
6603,0.0
6604,0.0
6605,0.0
6606,0.0
6607,0.0
6608,5.83
6609,94.35
6610,183.29
6611,234.23
6612,255.15
6613,300.1
6614,301.79
6615,277.39
6616,227.65
6617,68.34
6618,31.26
6619,17.24
6620,0.0
6621,0.0
6622,0.0
6623,0.0
6624,0.0
6625,0.0
6626,0.0
6627,0.0
6628,0.0
6629,0.0
6630,0.0
6631,0.0
6632,26.97
6633,104.85
6634,175.91
6635,227.82
6636,285.09
6637,300.77
6638,298.32
6639,52.92
6640,23.43
6641,53.48
6642,78.08
6643,16.98
6644,0.0
6645,0.0
6646,0.0
6647,0.0
6648,0.0
6649,0.0
6650,0.0
6651,0.0
6652,0.0
6653,0.0
6654,0.0
6655,0.0
6656,31.91
6657,112.24
6658,185.84
6659,238.05
6660,287.31
6661,304.27
6662,301.45
6663,275.54
6664,219.57
6665,121.64
6666,67.88
6667,20.06
6668,0.0
6669,0.0
6670,0.0
6671,0.0
6672,0.0
6673,0.0
6674,0.0
6675,0.0
6676,0.0
6677,0.0
6678,0.0
6679,0.0
6680,23.73
6681,96.79
6682,177.74
6683,233.45
6684,280.83
6685,296.09
6686,300.1
6687,256.7
6688,204.19
6689,161.55
6690,98.4
6691,18.13
6692,0.0
6693,0.0
6694,0.0
6695,0.0
6696,0.0
6697,0.0
6698,0.0
6699,0.0
6700,0.0
6701,0.0
6702,0.0
6703,0.0
6704,22.84
6705,69.08
6706,123.83
6707,239.09
6708,282.24
6709,297.62
6710,277.78
6711,34.0
6712,75.44
6713,18.35
6714,9.45
6715,8.11
6716,0.0
6717,0.0
6718,0.0
6719,0.0
6720,0.0
6721,0.0
6722,0.0
6723,0.0
6724,0.0
6725,0.0
6726,0.0
6727,0.0
6728,31.44
6729,111.44
6730,182.86
6731,240.95
6732,284.31
6733,302.34
6734,278.19
6735,275.08
6736,118.73
6737,64.98
6738,92.92
6739,16.22
6740,0.0
6741,0.0
6742,0.0
6743,0.0
6744,0.0
6745,0.0
6746,0.0
6747,0.0
6748,0.0
6749,0.0
6750,0.0
6751,0.0
6752,31.47
6753,108.29
6754,173.56
6755,220.87
6756,283.66
6757,299.5
6758,287.41
6759,273.53
6760,96.94
6761,167.34
6762,72.58
6763,2.35
6764,0.0
6765,0.0
6766,0.0
6767,0.0
6768,0.0
6769,0.0
6770,0.0
6771,0.0
6772,0.0
6773,0.0
6774,0.0
6775,0.0
6776,26.53
6777,100.88
6778,168.37
6779,235.45
6780,274.07
6781,268.58
6782,287.13
6783,268.02
6784,135.96
6785,85.43
6786,87.3
6787,10.33
6788,0.0
6789,0.0
6790,0.0
6791,0.0
6792,0.0
6793,0.0
6794,0.0
6795,0.0
6796,0.0
6797,0.0
6798,0.0
6799,0.0
6800,30.72
6801,107.67
6802,185.57
6803,243.1
6804,279.08
6805,299.27
6806,292.86
6807,267.38
6808,206.67
6809,51.98
6810,29.13
6811,9.38
6812,0.0
6813,0.0
6814,0.0
6815,0.0
6816,0.0
6817,0.0
6818,0.0
6819,0.0
6820,0.0
6821,0.0
6822,0.0
6823,0.0
6824,24.56
6825,101.81
6826,182.22
6827,243.97
6828,272.01
6829,291.62
6830,257.84
6831,246.03
6832,209.0
6833,160.57
6834,74.02
6835,17.72
6836,0.0
6837,0.0
6838,0.0
6839,0.0
6840,0.0
6841,0.0
6842,0.0
6843,0.0
6844,0.0
6845,0.0
6846,0.0
6847,0.0
6848,23.11
6849,35.05
6850,178.42
6851,234.62
6852,279.42
6853,286.4
6854,200.72
6855,32.11
6856,34.07
6857,42.99
6858,33.92
6859,10.33
6860,0.0
6861,0.0
6862,0.0
6863,0.0
6864,0.0
6865,0.0
6866,0.0
6867,0.0
6868,0.0
6869,0.0
6870,0.0
6871,0.0
6872,31.49
6873,103.63
6874,180.54
6875,238.87
6876,275.7
6877,300.78
6878,295.84
6879,271.34
6880,214.95
6881,160.42
6882,80.84
6883,15.35
6884,0.0
6885,0.0
6886,0.0
6887,0.0
6888,0.0
6889,0.0
6890,0.0
6891,0.0
6892,0.0
6893,0.0
6894,0.0
6895,0.0
6896,22.44
6897,65.54
6898,181.81
6899,210.15
6900,223.55
6901,244.83
6902,257.29
6903,254.78
6904,219.58
6905,142.75
6906,76.13
6907,12.3
6908,0.0
6909,0.0
6910,0.0
6911,0.0
6912,0.0
6913,0.0
6914,0.0
6915,0.0
6916,0.0
6917,0.0
6918,0.0
6919,0.0
6920,22.12
6921,95.87
6922,171.69
6923,232.84
6924,277.64
6925,298.44
6926,289.63
6927,257.4
6928,211.82
6929,163.56
6930,57.26
6931,11.99
6932,0.0
6933,0.0
6934,0.0
6935,0.0
6936,0.0
6937,0.0
6938,0.0
6939,0.0
6940,0.0
6941,0.0
6942,0.0
6943,0.0
6944,20.67
6945,95.61
6946,158.79
6947,148.36
6948,168.12
6949,68.16
6950,148.61
6951,263.23
6952,218.34
6953,78.62
6954,12.04
6955,11.63
6956,0.0
6957,0.0
6958,0.0
6959,0.0
6960,0.0
6961,0.0
6962,0.0
6963,0.0
6964,0.0
6965,0.0
6966,0.0
6967,0.0
6968,29.14
6969,109.56
6970,184.58
6971,228.41
6972,270.97
6973,298.27
6974,293.03
6975,261.92
6976,42.71
6977,32.17
6978,17.89
6979,10.24
6980,0.0
6981,0.0
6982,0.0
6983,0.0
6984,0.0
6985,0.0
6986,0.0
6987,0.0
6988,0.0
6989,0.0
6990,0.0
6991,0.0
6992,27.37
6993,100.39
6994,186.0
6995,248.01
6996,240.47
6997,295.38
6998,295.75
6999,260.93
7000,156.88
7001,17.51
7002,19.55
7003,13.07
7004,0.0
7005,0.0
7006,0.0
7007,0.0
7008,0.0
7009,0.0
7010,0.0
7011,0.0
7012,0.0
7013,0.0
7014,0.0
7015,0.0
7016,28.15
7017,35.08
7018,71.11
7019,93.82
7020,148.74
7021,237.99
7022,295.11
7023,240.33
7024,205.88
7025,167.22
7026,28.77
7027,1.69
7028,0.0
7029,0.0
7030,0.0
7031,0.0
7032,0.0
7033,0.0
7034,0.0
7035,0.0
7036,0.0
7037,0.0
7038,0.0
7039,0.0
7040,26.12
7041,60.5
7042,179.34
7043,245.11
7044,276.01
7045,295.56
7046,290.32
7047,267.38
7048,227.43
7049,75.61
7050,28.04
7051,1.68
7052,0.0
7053,0.0
7054,0.0
7055,0.0
7056,0.0
7057,0.0
7058,0.0
7059,0.0
7060,0.0
7061,0.0
7062,0.0
7063,0.0
7064,27.99
7065,91.92
7066,184.97
7067,245.81
7068,280.67
7069,294.22
7070,285.81
7071,250.65
7072,209.59
7073,22.49
7074,8.76
7075,8.01
7076,0.0
7077,0.0
7078,0.0
7079,0.0
7080,0.0
7081,0.0
7082,0.0
7083,0.0
7084,0.0
7085,0.0
7086,0.0
7087,0.0
7088,15.62
7089,58.02
7090,109.2
7091,239.1
7092,220.22
7093,263.6
7094,297.17
7095,43.34
7096,43.12
7097,27.18
7098,35.41
7099,9.8
7100,0.0
7101,0.0
7102,0.0
7103,0.0
7104,0.0
7105,0.0
7106,0.0
7107,0.0
7108,0.0
7109,0.0
7110,0.0
7111,0.0
7112,25.8
7113,103.4
7114,184.82
7115,246.42
7116,266.37
7117,290.33
7118,291.73
7119,269.32
7120,151.07
7121,16.43
7122,20.81
7123,8.32
7124,0.0
7125,0.0
7126,0.0
7127,0.0
7128,0.0
7129,0.0
7130,0.0
7131,0.0
7132,0.0
7133,0.0
7134,0.0
7135,0.0
7136,14.69
7137,108.43
7138,174.06
7139,235.19
7140,53.72
7141,233.45
7142,282.47
7143,239.72
7144,223.74
7145,119.83
7146,19.17
7147,6.77
7148,0.0
7149,0.0
7150,0.0
7151,0.0
7152,0.0
7153,0.0
7154,0.0
7155,0.0
7156,0.0
7157,0.0
7158,0.0
7159,0.0
7160,12.3
7161,47.3
7162,62.36
7163,152.97
7164,247.04
7165,297.35
7166,269.06
7167,274.93
7168,231.63
7169,166.45
7170,65.44
7171,2.03
7172,0.0
7173,0.0
7174,0.0
7175,0.0
7176,0.0
7177,0.0
7178,0.0
7179,0.0
7180,0.0
7181,0.0
7182,0.0
7183,0.0
7184,6.5
7185,71.91
7186,64.13
7187,173.48
7188,220.3
7189,135.63
7190,176.19
7191,256.53
7192,219.42
7193,132.19
7194,21.71
7195,3.37
7196,0.0
7197,0.0
7198,0.0
7199,0.0
7200,0.0
7201,0.0
7202,0.0
7203,0.0
7204,0.0
7205,0.0
7206,0.0
7207,0.0
7208,34.19
7209,113.75
7210,187.98
7211,246.02
7212,278.9
7213,264.17
7214,293.09
7215,267.53
7216,220.1
7217,16.11
7218,51.93
7219,9.74
7220,0.0
7221,0.0
7222,0.0
7223,0.0
7224,0.0
7225,0.0
7226,0.0
7227,0.0
7228,0.0
7229,0.0
7230,0.0
7231,0.0
7232,3.43
7233,21.12
7234,99.65
7235,61.29
7236,150.04
7237,245.99
7238,202.92
7239,182.63
7240,182.8
7241,78.02
7242,11.87
7243,9.5
7244,0.0
7245,0.0
7246,0.0
7247,0.0
7248,0.0
7249,0.0
7250,0.0
7251,0.0
7252,0.0
7253,0.0
7254,0.0
7255,0.0
7256,30.58
7257,84.75
7258,135.42
7259,237.86
7260,263.14
7261,222.16
7262,240.24
7263,241.59
7264,184.19
7265,135.15
7266,57.39
7267,9.57
7268,0.0
7269,0.0
7270,0.0
7271,0.0
7272,0.0
7273,0.0
7274,0.0
7275,0.0
7276,0.0
7277,0.0
7278,0.0
7279,0.0
7280,26.71
7281,61.52
7282,161.33
7283,206.22
7284,266.95
7285,288.36
7286,283.75
7287,160.6
7288,209.13
7289,136.52
7290,19.2
7291,6.1
7292,0.0
7293,0.0
7294,0.0
7295,0.0
7296,0.0
7297,0.0
7298,0.0
7299,0.0
7300,0.0
7301,0.0
7302,0.0
7303,0.0
7304,23.93
7305,93.98
7306,170.69
7307,238.07
7308,229.68
7309,231.52
7310,245.8
7311,239.32
7312,214.71
7313,140.16
7314,64.8
7315,5.72
7316,0.0
7317,0.0
7318,0.0
7319,0.0
7320,0.0
7321,0.0
7322,0.0
7323,0.0
7324,0.0
7325,0.0
7326,0.0
7327,0.0
7328,3.76
7329,11.23
7330,33.37
7331,135.11
7332,137.39
7333,113.13
7334,208.78
7335,185.52
7336,200.33
7337,129.02
7338,75.19
7339,1.36
7340,0.0
7341,0.0
7342,0.0
7343,0.0
7344,0.0
7345,0.0
7346,0.0
7347,0.0
7348,0.0
7349,0.0
7350,0.0
7351,0.0
7352,22.39
7353,102.0
7354,181.83
7355,245.54
7356,278.86
7357,295.57
7358,290.53
7359,262.71
7360,224.1
7361,160.55
7362,65.89
7363,8.65
7364,0.0
7365,0.0
7366,0.0
7367,0.0
7368,0.0
7369,0.0
7370,0.0
7371,0.0
7372,0.0
7373,0.0
7374,0.0
7375,0.0
7376,9.24
7377,48.94
7378,72.85
7379,232.35
7380,261.98
7381,292.79
7382,286.39
7383,263.46
7384,222.33
7385,158.47
7386,25.19
7387,2.71
7388,0.0
7389,0.0
7390,0.0
7391,0.0
7392,0.0
7393,0.0
7394,0.0
7395,0.0
7396,0.0
7397,0.0
7398,0.0
7399,0.0
7400,13.31
7401,33.06
7402,105.79
7403,116.68
7404,262.19
7405,285.87
7406,274.17
7407,146.21
7408,221.02
7409,160.49
7410,28.27
7411,1.36
7412,0.0
7413,0.0
7414,0.0
7415,0.0
7416,0.0
7417,0.0
7418,0.0
7419,0.0
7420,0.0
7421,0.0
7422,0.0
7423,0.0
7424,0.0
7425,0.0
7426,181.11
7427,239.36
7428,206.61
7429,263.04
7430,266.81
7431,232.3
7432,220.95
7433,158.18
7434,50.66
7435,1.35
7436,0.0
7437,0.0
7438,0.0
7439,0.0
7440,0.0
7441,0.0
7442,0.0
7443,0.0
7444,0.0
7445,0.0
7446,0.0
7447,0.0
7448,20.87
7449,106.85
7450,177.07
7451,242.23
7452,264.78
7453,284.78
7454,271.5
7455,221.81
7456,149.78
7457,113.44
7458,27.0
7459,1.35
7460,0.0
7461,0.0
7462,0.0
7463,0.0
7464,0.0
7465,0.0
7466,0.0
7467,0.0
7468,0.0
7469,0.0
7470,0.0
7471,0.0
7472,14.29
7473,86.02
7474,119.33
7475,196.49
7476,270.26
7477,259.73
7478,279.61
7479,256.92
7480,222.1
7481,158.94
7482,55.56
7483,10.43
7484,0.0
7485,0.0
7486,0.0
7487,0.0
7488,0.0
7489,0.0
7490,0.0
7491,0.0
7492,0.0
7493,0.0
7494,0.0
7495,0.0
7496,28.24
7497,90.47
7498,174.91
7499,241.45
7500,270.53
7501,288.57
7502,284.53
7503,259.32
7504,218.53
7505,143.55
7506,82.97
7507,12.83
7508,0.0
7509,0.0
7510,0.0
7511,0.0
7512,0.0
7513,0.0
7514,0.0
7515,0.0
7516,0.0
7517,0.0
7518,0.0
7519,0.0
7520,26.61
7521,102.76
7522,176.24
7523,240.24
7524,268.41
7525,287.65
7526,281.47
7527,260.86
7528,214.63
7529,64.72
7530,23.66
7531,13.2
7532,0.0
7533,0.0
7534,0.0
7535,0.0
7536,0.0
7537,0.0
7538,0.0
7539,0.0
7540,0.0
7541,0.0
7542,0.0
7543,0.0
7544,23.28
7545,109.96
7546,178.45
7547,239.59
7548,271.57
7549,289.63
7550,284.77
7551,264.27
7552,220.47
7553,150.99
7554,15.37
7555,2.35
7556,0.0
7557,0.0
7558,0.0
7559,0.0
7560,0.0
7561,0.0
7562,0.0
7563,0.0
7564,0.0
7565,0.0
7566,0.0
7567,0.0
7568,30.4
7569,85.7
7570,166.69
7571,170.0
7572,193.41
7573,158.75
7574,204.57
7575,190.56
7576,160.58
7577,157.41
7578,82.34
7579,11.79
7580,0.0
7581,0.0
7582,0.0
7583,0.0
7584,0.0
7585,0.0
7586,0.0
7587,0.0
7588,0.0
7589,0.0
7590,0.0
7591,0.0
7592,25.6
7593,71.89
7594,172.2
7595,215.47
7596,266.71
7597,284.41
7598,273.62
7599,253.39
7600,215.65
7601,47.02
7602,25.25
7603,13.43
7604,0.0
7605,0.0
7606,0.0
7607,0.0
7608,0.0
7609,0.0
7610,0.0
7611,0.0
7612,0.0
7613,0.0
7614,0.0
7615,0.0
7616,30.22
7617,107.88
7618,178.65
7619,235.33
7620,271.59
7621,288.47
7622,284.56
7623,261.8
7624,218.41
7625,29.39
7626,39.45
7627,14.22
7628,0.0
7629,0.0
7630,0.0
7631,0.0
7632,0.0
7633,0.0
7634,0.0
7635,0.0
7636,0.0
7637,0.0
7638,0.0
7639,0.0
7640,29.82
7641,103.8
7642,176.35
7643,229.69
7644,267.37
7645,285.44
7646,281.92
7647,260.46
7648,150.49
7649,35.13
7650,11.38
7651,9.07
7652,0.0
7653,0.0
7654,0.0
7655,0.0
7656,0.0
7657,0.0
7658,0.0
7659,0.0
7660,0.0
7661,0.0
7662,0.0
7663,0.0
7664,27.85
7665,102.79
7666,175.12
7667,229.33
7668,254.24
7669,278.68
7670,277.62
7671,250.12
7672,206.45
7673,74.13
7674,11.83
7675,1.7
7676,0.0
7677,0.0
7678,0.0
7679,0.0
7680,0.0
7681,0.0
7682,0.0
7683,0.0
7684,0.0
7685,0.0
7686,0.0
7687,0.0
7688,26.57
7689,105.31
7690,176.06
7691,231.58
7692,270.92
7693,286.97
7694,281.38
7695,261.17
7696,216.98
7697,154.48
7698,73.04
7699,12.36
7700,0.0
7701,0.0
7702,0.0
7703,0.0
7704,0.0
7705,0.0
7706,0.0
7707,0.0
7708,0.0
7709,0.0
7710,0.0
7711,0.0
7712,6.51
7713,100.42
7714,170.85
7715,224.23
7716,263.16
7717,269.96
7718,261.34
7719,238.42
7720,199.07
7721,139.67
7722,69.9
7723,12.47
7724,0.0
7725,0.0
7726,0.0
7727,0.0
7728,0.0
7729,0.0
7730,0.0
7731,0.0
7732,0.0
7733,0.0
7734,0.0
7735,0.0
7736,27.73
7737,101.63
7738,173.11
7739,227.34
7740,265.89
7741,279.46
7742,277.8
7743,251.54
7744,212.57
7745,79.93
7746,13.74
7747,1.69
7748,0.0
7749,0.0
7750,0.0
7751,0.0
7752,0.0
7753,0.0
7754,0.0
7755,0.0
7756,0.0
7757,0.0
7758,0.0
7759,0.0
7760,23.93
7761,98.06
7762,169.15
7763,226.04
7764,266.64
7765,282.65
7766,280.71
7767,258.19
7768,215.39
7769,126.85
7770,8.7
7771,1.69
7772,0.0
7773,0.0
7774,0.0
7775,0.0
7776,0.0
7777,0.0
7778,0.0
7779,0.0
7780,0.0
7781,0.0
7782,0.0
7783,0.0
7784,7.17
7785,48.57
7786,60.62
7787,178.23
7788,262.31
7789,280.05
7790,275.86
7791,256.18
7792,107.4
7793,15.94
7794,13.67
7795,9.73
7796,0.0
7797,0.0
7798,0.0
7799,0.0
7800,0.0
7801,0.0
7802,0.0
7803,0.0
7804,0.0
7805,0.0
7806,0.0
7807,0.0
7808,25.47
7809,86.2
7810,165.51
7811,219.91
7812,258.18
7813,281.52
7814,277.4
7815,256.73
7816,208.27
7817,130.81
7818,68.06
7819,11.97
7820,0.0
7821,0.0
7822,0.0
7823,0.0
7824,0.0
7825,0.0
7826,0.0
7827,0.0
7828,0.0
7829,0.0
7830,0.0
7831,0.0
7832,18.92
7833,97.12
7834,169.6
7835,222.63
7836,262.54
7837,281.15
7838,280.71
7839,243.03
7840,195.78
7841,145.01
7842,83.8
7843,15.36
7844,0.0
7845,0.0
7846,0.0
7847,0.0
7848,0.0
7849,0.0
7850,0.0
7851,0.0
7852,0.0
7853,0.0
7854,0.0
7855,0.0
7856,24.78
7857,94.6
7858,157.36
7859,215.28
7860,246.76
7861,277.67
7862,278.23
7863,257.63
7864,214.25
7865,140.43
7866,62.44
7867,14.2
7868,0.0
7869,0.0
7870,0.0
7871,0.0
7872,0.0
7873,0.0
7874,0.0
7875,0.0
7876,0.0
7877,0.0
7878,0.0
7879,0.0
7880,3.08
7881,70.08
7882,161.1
7883,208.4
7884,254.21
7885,264.21
7886,205.71
7887,173.12
7888,124.07
7889,121.78
7890,45.88
7891,10.9
7892,0.0
7893,0.0
7894,0.0
7895,0.0
7896,0.0
7897,0.0
7898,0.0
7899,0.0
7900,0.0
7901,0.0
7902,0.0
7903,0.0
7904,3.43
7905,48.9
7906,70.32
7907,203.67
7908,189.01
7909,142.4
7910,178.56
7911,191.95
7912,93.21
7913,57.83
7914,33.76
7915,11.82
7916,0.0
7917,0.0
7918,0.0
7919,0.0
7920,0.0
7921,0.0
7922,0.0
7923,0.0
7924,0.0
7925,0.0
7926,0.0
7927,0.0
7928,5.15
7929,33.87
7930,109.48
7931,210.55
7932,262.29
7933,238.83
7934,125.6
7935,218.8
7936,66.08
7937,39.0
7938,38.55
7939,9.67
7940,0.0
7941,0.0
7942,0.0
7943,0.0
7944,0.0
7945,0.0
7946,0.0
7947,0.0
7948,0.0
7949,0.0
7950,0.0
7951,0.0
7952,24.64
7953,79.59
7954,54.41
7955,130.46
7956,241.36
7957,160.89
7958,244.32
7959,249.58
7960,212.9
7961,146.82
7962,83.28
7963,11.22
7964,0.0
7965,0.0
7966,0.0
7967,0.0
7968,0.0
7969,0.0
7970,0.0
7971,0.0
7972,0.0
7973,0.0
7974,0.0
7975,0.0
7976,7.88
7977,48.16
7978,165.67
7979,218.86
7980,254.46
7981,68.79
7982,160.65
7983,59.29
7984,185.56
7985,35.74
7986,39.56
7987,13.83
7988,0.0
7989,0.0
7990,0.0
7991,0.0
7992,0.0
7993,0.0
7994,0.0
7995,0.0
7996,0.0
7997,0.0
7998,0.0
7999,0.0
8000,19.9
8001,70.97
8002,73.26
8003,58.25
8004,79.33
8005,181.25
8006,219.87
8007,209.24
8008,181.22
8009,140.38
8010,50.19
8011,13.44
8012,0.0
8013,0.0
8014,0.0
8015,0.0
8016,0.0
8017,0.0
8018,0.0
8019,0.0
8020,0.0
8021,0.0
8022,0.0
8023,0.0
8024,5.46
8025,55.23
8026,168.51
8027,220.99
8028,258.09
8029,274.07
8030,265.75
8031,121.97
8032,118.92
8033,150.05
8034,67.6
8035,11.62
8036,0.0
8037,0.0
8038,0.0
8039,0.0
8040,0.0
8041,0.0
8042,0.0
8043,0.0
8044,0.0
8045,0.0
8046,0.0
8047,0.0
8048,21.01
8049,91.54
8050,160.63
8051,217.07
8052,254.78
8053,0.0
8054,0.0
8055,0.0
8056,0.0
8057,0.0
8058,0.0
8059,0.0
8060,0.0
8061,0.0
8062,0.0
8063,0.0
8064,0.0
8065,0.0
8066,0.0
8067,0.0
8068,0.0
8069,0.0
8070,0.0
8071,0.0
8072,0.0
8073,0.0
8074,0.0
8075,160.02
8076,200.64
8077,193.55
8078,253.03
8079,240.96
8080,204.9
8081,0.0
8082,0.0
8083,13.37
8084,0.0
8085,0.0
8086,0.0
8087,0.0
8088,0.0
8089,0.0
8090,0.0
8091,0.0
8092,0.0
8093,0.0
8094,0.0
8095,0.0
8096,21.45
8097,68.7
8098,165.21
8099,221.35
8100,261.54
8101,281.63
8102,278.64
8103,257.13
8104,215.87
8105,157.81
8106,73.26
8107,15.79
8108,0.0
8109,0.0
8110,0.0
8111,0.0
8112,0.0
8113,0.0
8114,0.0
8115,0.0
8116,0.0
8117,0.0
8118,0.0
8119,0.0
8120,10.62
8121,94.2
8122,165.93
8123,222.02
8124,261.94
8125,282.19
8126,279.73
8127,256.83
8128,216.76
8129,159.23
8130,86.85
8131,18.53
8132,0.0
8133,0.0
8134,0.0
8135,0.0
8136,0.0
8137,0.0
8138,0.0
8139,0.0
8140,0.0
8141,0.0
8142,0.0
8143,0.0
8144,20.55
8145,93.61
8146,163.62
8147,217.69
8148,259.33
8149,279.6
8150,274.83
8151,252.72
8152,211.86
8153,153.74
8154,84.02
8155,18.46
8156,0.0
8157,0.0
8158,0.0
8159,0.0
8160,0.0
8161,0.0
8162,0.0
8163,0.0
8164,0.0
8165,0.0
8166,0.0
8167,0.0
8168,14.28
8169,88.85
8170,147.52
8171,207.27
8172,256.65
8173,277.04
8174,274.66
8175,251.66
8176,210.37
8177,156.76
8178,78.14
8179,4.73
8180,0.0
8181,0.0
8182,0.0
8183,0.0
8184,0.0
8185,0.0
8186,0.0
8187,0.0
8188,0.0
8189,0.0
8190,0.0
8191,0.0
8192,12.39
8193,91.59
8194,155.26
8195,0.0
8196,0.0
8197,268.8
8198,269.19
8199,246.61
8200,213.2
8201,19.38
8202,82.37
8203,19.43
8204,0.0
8205,0.0
8206,0.0
8207,0.0
8208,0.0
8209,0.0
8210,0.0
8211,0.0
8212,0.0
8213,0.0
8214,0.0
8215,0.0
8216,19.07
8217,89.08
8218,158.83
8219,215.67
8220,254.35
8221,270.68
8222,258.48
8223,242.05
8224,191.04
8225,155.68
8226,47.59
8227,4.38
8228,0.0
8229,0.0
8230,0.0
8231,0.0
8232,0.0
8233,0.0
8234,0.0
8235,0.0
8236,0.0
8237,0.0
8238,0.0
8239,0.0
8240,16.72
8241,70.13
8242,102.57
8243,176.86
8244,172.11
8245,267.73
8246,275.85
8247,254.18
8248,190.27
8249,142.11
8250,40.93
8251,10.42
8252,0.0
8253,0.0
8254,0.0
8255,0.0
8256,0.0
8257,0.0
8258,0.0
8259,0.0
8260,0.0
8261,0.0
8262,0.0
8263,0.0
8264,14.74
8265,90.23
8266,159.02
8267,217.7
8268,256.11
8269,206.15
8270,276.27
8271,254.55
8272,122.69
8273,78.14
8274,16.41
8275,9.08
8276,0.0
8277,0.0
8278,0.0
8279,0.0
8280,0.0
8281,0.0
8282,0.0
8283,0.0
8284,0.0
8285,0.0
8286,0.0
8287,0.0
8288,14.07
8289,56.91
8290,100.44
8291,174.76
8292,248.49
8293,270.03
8294,273.74
8295,243.14
8296,146.78
8297,32.42
8298,82.73
8299,21.46
8300,0.0
8301,0.0
8302,0.0
8303,0.0
8304,0.0
8305,0.0
8306,0.0
8307,0.0
8308,0.0
8309,0.0
8310,0.0
8311,0.0
8312,14.37
8313,89.79
8314,160.7
8315,217.67
8316,257.26
8317,278.08
8318,275.21
8319,254.78
8320,215.46
8321,159.29
8322,88.6
8323,21.34
8324,0.0
8325,0.0
8326,0.0
8327,0.0
8328,0.0
8329,0.0
8330,0.0
8331,0.0
8332,0.0
8333,0.0
8334,0.0
8335,0.0
8336,14.37
8337,87.61
8338,157.78
8339,215.55
8340,255.33
8341,276.36
8342,272.81
8343,242.73
8344,212.52
8345,157.74
8346,87.14
8347,21.58
8348,0.0
8349,0.0
8350,0.0
8351,0.0
8352,0.0
8353,0.0
8354,0.0
8355,0.0
8356,0.0
8357,0.0
8358,0.0
8359,0.0
8360,14.36
8361,81.11
8362,154.22
8363,212.65
8364,253.44
8365,274.88
8366,272.62
8367,252.65
8368,213.03
8369,158.35
8370,84.96
8371,2.69
8372,0.0
8373,0.0
8374,0.0
8375,0.0
8376,0.0
8377,0.0
8378,0.0
8379,0.0
8380,0.0
8381,0.0
8382,0.0
8383,0.0
8384,13.32
8385,85.35
8386,155.37
8387,213.6
8388,253.72
8389,274.0
8390,266.14
8391,251.24
8392,214.01
8393,158.24
8394,87.39
8395,19.4
8396,0.0
8397,0.0
8398,0.0
8399,0.0
8400,0.0
8401,0.0
8402,0.0
8403,0.0
8404,0.0
8405,0.0
8406,0.0
8407,0.0
8408,2.06
8409,45.87
8410,94.6
8411,211.92
8412,252.87
8413,230.47
8414,270.69
8415,254.94
8416,215.8
8417,160.93
8418,90.2
8419,19.35
8420,0.0
8421,0.0
8422,0.0
8423,0.0
8424,0.0
8425,0.0
8426,0.0
8427,0.0
8428,0.0
8429,0.0
8430,0.0
8431,0.0
8432,2.06
8433,71.89
8434,153.26
8435,213.84
8436,253.26
8437,272.85
8438,274.46
8439,254.21
8440,208.98
8441,157.15
8442,84.74
8443,18.23
8444,0.0
8445,0.0
8446,0.0
8447,0.0
8448,0.0
8449,0.0
8450,0.0
8451,0.0
8452,0.0
8453,0.0
8454,0.0
8455,0.0
8456,14.0
8457,82.48
8458,152.68
8459,211.65
8460,248.4
8461,272.04
8462,272.2
8463,252.05
8464,215.99
8465,160.78
8466,95.8
8467,24.64
8468,0.0
8469,0.0
8470,0.0
8471,0.0
8472,0.0
8473,0.0
8474,0.0
8475,0.0
8476,0.0
8477,0.0
8478,0.0
8479,0.0
8480,13.31
8481,80.46
8482,148.3
8483,207.27
8484,246.99
8485,268.35
8486,269.4
8487,248.57
8488,211.48
8489,150.71
8490,74.91
8491,22.12
8492,0.0
8493,0.0
8494,0.0
8495,0.0
8496,0.0
8497,0.0
8498,0.0
8499,0.0
8500,0.0
8501,0.0
8502,0.0
8503,0.0
8504,2.07
8505,28.9
8506,51.75
8507,105.98
8508,114.73
8509,252.27
8510,249.99
8511,224.89
8512,217.63
8513,162.7
8514,91.87
8515,24.48
8516,0.0
8517,0.0
8518,0.0
8519,0.0
8520,0.0
8521,0.0
8522,0.0
8523,0.0
8524,0.0
8525,0.0
8526,0.0
8527,0.0
8528,3.77
8529,19.31
8530,24.54
8531,49.18
8532,91.94
8533,227.29
8534,251.22
8535,235.23
8536,35.28
8537,68.25
8538,51.77
8539,18.17
8540,0.0
8541,0.0
8542,0.0
8543,0.0
8544,0.0
8545,0.0
8546,0.0
8547,0.0
8548,0.0
8549,0.0
8550,0.0
8551,0.0
8552,12.32
8553,75.44
8554,142.26
8555,201.9
8556,244.94
8557,248.11
8558,230.12
8559,245.38
8560,200.24
8561,128.47
8562,72.81
8563,21.91
8564,0.0
8565,0.0
8566,0.0
8567,0.0
8568,0.0
8569,0.0
8570,0.0
8571,0.0
8572,0.0
8573,0.0
8574,0.0
8575,0.0
8576,1.71
8577,77.88
8578,81.1
8579,57.42
8580,38.61
8581,61.62
8582,70.84
8583,102.62
8584,106.4
8585,150.49
8586,83.42
8587,19.19
8588,0.0
8589,0.0
8590,0.0
8591,0.0
8592,0.0
8593,0.0
8594,0.0
8595,0.0
8596,0.0
8597,0.0
8598,0.0
8599,0.0
8600,3.42
8601,18.68
8602,53.89
8603,107.06
8604,155.88
8605,165.35
8606,227.25
8607,252.11
8608,180.63
8609,158.19
8610,21.03
8611,26.88
8612,0.0
8613,0.0
8614,0.0
8615,0.0
8616,0.0
8617,0.0
8618,0.0
8619,0.0
8620,0.0
8621,0.0
8622,0.0
8623,0.0
8624,7.21
8625,55.41
8626,139.14
8627,208.2
8628,249.36
8629,267.69
8630,275.57
8631,205.44
8632,197.24
8633,163.71
8634,89.21
8635,10.49
8636,0.0
8637,0.0
8638,0.0
8639,0.0
8640,0.0
8641,0.0
8642,0.0
8643,0.0
8644,0.0
8645,0.0
8646,0.0
8647,0.0
8648,3.44
8649,75.67
8650,149.31
8651,194.58
8652,250.04
8653,270.98
8654,269.37
8655,243.27
8656,221.62
8657,167.57
8658,91.78
8659,23.39
8660,0.0
8661,0.0
8662,0.0
8663,0.0
8664,0.0
8665,0.0
8666,0.0
8667,0.0
8668,0.0
8669,0.0
8670,0.0
8671,0.0
8672,11.31
8673,77.85
8674,151.13
8675,207.6
8676,253.11
8677,275.69
8678,277.71
8679,258.83
8680,221.5
8681,166.79
8682,101.59
8683,28.47
8684,0.0
8685,0.0
8686,0.0
8687,0.0
8688,0.0
8689,0.0
8690,0.0
8691,0.0
8692,0.0
8693,0.0
8694,0.0
8695,0.0
8696,10.94
8697,61.35
8698,106.99
8699,187.47
8700,242.71
8701,254.47
8702,271.12
8703,259.37
8704,221.08
8705,168.66
8706,95.55
8707,27.76
8708,0.0
8709,0.0
8710,0.0
8711,0.0
8712,0.0
8713,0.0
8714,0.0
8715,0.0
8716,0.0
8717,0.0
8718,0.0
8719,0.0
8720,4.45
8721,64.65
8722,137.6
8723,206.89
8724,250.46
8725,272.91
8726,275.44
8727,258.24
8728,219.48
8729,167.36
8730,96.95
8731,29.98
8732,0.0
8733,0.0
8734,0.0
8735,0.0
8736,0.0
8737,0.0
8738,0.0
8739,0.0
8740,0.0
8741,0.0
8742,0.0
8743,0.0
8744,10.25
8745,73.97
8746,144.04
8747,205.71
8748,251.27
8749,275.1
8750,277.5
8751,259.82
8752,223.58
8753,168.55
8754,97.68
8755,29.76
8756,0.0
8757,0.0
8758,0.0
8759,0.0
8760,0.0
