Periods,T_amb [°C]
1,24.0
2,23.5
3,23.1
4,22.6
5,22.2
6,21.1
7,20.1
8,19.0
9,17.0
10,20.0
11,24.0
12,26.0
13,28.0
14,28.0
15,29.0
16,30.0
17,31.0
18,30.0
19,29.0
20,29.0
21,27.0
22,26.0
23,24.7
24,24.6
25,24.5
26,24.4
27,24.3
28,24.2
29,23.7
30,23.1
31,22.6
32,22.0
33,21.0
34,23.0
35,26.0
36,27.0
37,29.0
38,30.0
39,30.0
40,30.5
41,31.0
42,31.0
43,31.0
44,30.0
45,28.0
46,26.7
47,25.1
48,24.8
49,24.4
50,24.0
51,23.7
52,23.3
53,22.5
54,21.7
55,20.8
56,20.0
57,20.0
58,21.0
59,24.0
60,27.0
61,29.0
62,30.0
63,31.0
64,31.0
65,31.2
66,32.0
67,31.0
68,30.0
69,28.0
70,25.0
71,25.0
72,23.0
73,24.0
74,25.0
75,24.0
76,23.0
77,21.8
78,20.5
79,19.2
80,18.0
81,18.0
82,19.0
83,23.0
84,27.0
85,28.0
86,29.0
87,30.0
88,31.0
89,32.0
90,33.0
91,32.0
92,30.0
93,28.0
94,25.0
95,24.0
96,24.0
97,23.0
98,22.0
99,21.0
100,20.3
101,19.7
102,19.0
103,18.0
104,17.0
105,17.0
106,21.0
107,25.0
108,27.0
109,29.0
110,31.0
111,32.0
112,32.0
113,32.0
114,32.0
115,31.0
116,30.0
117,27.0
118,27.0
119,26.0
120,25.0
121,24.5
122,24.0
123,28.0
124,24.5
125,21.0
126,17.5
127,21.5
128,22.0
129,21.0
130,21.0
131,25.0
132,27.0
133,28.0
134,30.0
135,30.0
136,31.0
137,32.0
138,33.0
139,31.0
140,30.0
141,29.0
142,27.0
143,26.0
144,25.0
145,24.0
146,23.0
147,22.5
148,22.0
149,21.2
150,20.5
151,19.8
152,19.0
153,18.0
154,20.0
155,25.0
156,27.0
157,29.0
158,29.0
159,31.0
160,32.0
161,33.0
162,36.0
163,35.0
164,35.0
165,31.0
166,27.0
167,26.0
168,25.3
169,24.7
170,24.0
171,23.3
172,22.7
173,22.0
174,21.0
175,20.0
176,19.0
177,19.0
178,21.0
179,25.0
180,27.0
181,30.0
182,31.0
183,33.0
184,35.0
185,32.5
186,32.0
187,31.0
188,21.0
189,21.0
190,21.0
191,21.0
192,21.0
193,21.0
194,21.0
195,21.0
196,21.0
197,21.0
198,21.0
199,21.0
200,21.0
201,21.0
202,21.0
203,21.0
204,21.0
205,21.0
206,21.0
207,21.0
208,21.0
209,21.0
210,21.0
211,21.0
212,21.0
213,21.0
214,21.0
215,21.0
216,21.0
217,21.0
218,21.0
219,21.0
220,21.0
221,21.0
222,21.0
223,21.0
224,21.0
225,21.0
226,21.0
227,21.0
228,21.0
229,21.0
230,21.0
231,21.0
232,21.0
233,21.0
234,21.0
235,21.0
236,21.0
237,21.0
238,21.0
239,21.0
240,21.0
241,21.0
242,21.0
243,21.0
244,21.0
245,21.0
246,21.0
247,21.0
248,21.0
249,21.0
250,21.0
251,21.0
252,21.0
253,21.0
254,21.0
255,21.0
256,21.0
257,21.0
258,21.0
259,21.0
260,21.0
261,21.0
262,21.0
263,21.0
264,21.0
265,21.0
266,21.0
267,21.0
268,21.0
269,21.0
270,21.0
271,21.0
272,21.0
273,21.0
274,21.0
275,21.0
276,21.0
277,21.0
278,21.0
279,21.0
280,21.0
281,21.0
282,21.0
283,21.0
284,21.0
285,21.0
286,21.0
287,21.0
288,21.0
289,21.0
290,21.0
291,21.0
292,21.0
293,21.0
294,21.0
295,21.0
296,21.0
297,21.0
298,21.0
299,21.0
300,21.0
301,21.0
302,21.0
303,21.0
304,21.0
305,21.0
306,21.0
307,21.0
308,21.0
309,21.0
310,21.0
311,21.0
312,21.0
313,21.0
314,21.0
315,21.0
316,21.0
317,21.0
318,21.0
319,21.0
320,21.0
321,21.0
322,21.0
323,21.0
324,21.0
325,21.0
326,21.0
327,21.0
328,21.0
329,21.0
330,21.0
331,21.0
332,21.0
333,21.0
334,21.0
335,21.0
336,21.0
337,21.0
338,21.0
339,21.0
340,21.0
341,21.0
342,21.0
343,21.0
344,21.0
345,21.0
346,21.0
347,21.0
348,21.0
349,21.0
350,21.0
351,21.0
352,21.0
353,21.0
354,21.0
355,21.0
356,21.0
357,21.0
358,21.0
359,21.0
360,21.0
361,21.0
362,21.0
363,21.0
364,21.0
365,21.0
366,21.0
367,21.0
368,21.0
369,21.0
370,21.0
371,21.0
372,21.0
373,21.0
374,21.0
375,21.0
376,21.0
377,21.0
378,21.0
379,21.0
380,21.0
381,21.0
382,21.0
383,21.0
384,21.0
385,21.0
386,21.0
387,21.0
388,21.0
389,21.0
390,21.0
391,21.0
392,21.0
393,21.0
394,21.0
395,21.0
396,21.0
397,21.0
398,21.0
399,21.0
400,21.0
401,21.0
402,21.0
403,21.0
404,21.0
405,21.0
406,21.0
407,21.0
408,21.0
409,21.0
410,21.0
411,21.0
412,21.0
413,21.0
414,21.0
415,21.0
416,21.0
417,21.0
418,21.0
419,21.0
420,21.0
421,21.0
422,21.0
423,21.0
424,21.0
425,21.0
426,21.0
427,21.0
428,21.0
429,21.0
430,21.0
431,21.0
432,21.0
433,21.0
434,21.0
435,21.0
436,21.0
437,21.0
438,21.0
439,21.0
440,21.0
441,21.0
442,21.0
443,21.0
444,21.0
445,21.0
446,21.0
447,21.0
448,21.0
449,21.0
450,21.0
451,21.0
452,21.0
453,21.0
454,21.0
455,21.0
456,21.0
457,21.0
458,21.0
459,21.0
460,21.0
461,21.0
462,21.0
463,21.0
464,21.0
465,21.0
466,21.0
467,21.0
468,21.0
469,21.0
470,21.0
471,21.0
472,21.0
473,21.0
474,21.0
475,21.0
476,21.0
477,21.0
478,21.0
479,21.0
480,21.0
481,21.0
482,21.0
483,21.0
484,21.0
485,21.0
486,21.0
487,21.0
488,21.0
489,21.0
490,21.0
491,21.0
492,21.0
493,21.0
494,21.0
495,21.0
496,21.0
497,21.0
498,21.0
499,21.0
500,21.0
501,21.0
502,21.0
503,21.0
504,21.0
505,21.0
506,21.0
507,21.0
508,21.0
509,21.0
510,21.0
511,21.0
512,21.0
513,21.0
514,21.0
515,21.0
516,21.0
517,21.0
518,21.0
519,21.0
520,21.0
521,21.0
522,21.0
523,21.0
524,21.0
525,21.0
526,21.0
527,21.0
528,21.0
529,21.0
530,21.0
531,21.0
532,21.0
533,21.0
534,21.0
535,21.0
536,21.0
537,21.0
538,21.0
539,21.0
540,21.0
541,21.0
542,21.0
543,21.0
544,21.0
545,21.0
546,21.0
547,21.0
548,21.0
549,21.0
550,21.0
551,21.0
552,21.0
553,21.0
554,21.0
555,21.0
556,21.0
557,21.0
558,21.0
559,21.0
560,21.0
561,21.0
562,21.0
563,21.0
564,21.0
565,21.0
566,21.0
567,21.0
568,21.0
569,21.0
570,21.0
571,21.0
572,21.0
573,21.0
574,21.0
575,21.0
576,21.0
577,21.0
578,21.0
579,21.0
580,21.0
581,21.0
582,21.0
583,21.0
584,21.0
585,21.0
586,21.0
587,21.0
588,21.0
589,21.0
590,21.0
591,21.0
592,21.0
593,21.0
594,21.0
595,21.0
596,21.0
597,21.0
598,21.0
599,21.0
600,21.0
601,21.0
602,21.0
603,21.0
604,21.0
605,21.0
606,21.0
607,21.0
608,21.0
609,21.0
610,21.0
611,21.0
612,21.0
613,21.0
614,21.0
615,21.0
616,21.0
617,21.0
618,21.0
619,21.0
620,21.0
621,21.0
622,21.0
623,21.0
624,21.0
625,21.0
626,21.0
627,21.0
628,21.0
629,21.0
630,21.0
631,21.0
632,21.0
633,21.0
634,21.0
635,21.0
636,21.0
637,21.0
638,21.0
639,21.0
640,21.0
641,21.0
642,21.0
643,21.0
644,21.0
645,21.0
646,21.0
647,21.0
648,21.0
649,21.0
650,21.0
651,21.0
652,21.0
653,21.0
654,21.0
655,21.0
656,21.0
657,21.0
658,21.0
659,21.0
660,21.0
661,21.0
662,21.0
663,21.0
664,21.0
665,21.0
666,21.0
667,21.0
668,21.0
669,21.0
670,21.0
671,21.0
672,21.0
673,21.0
674,21.0
675,21.0
676,21.0
677,21.0
678,21.0
679,21.0
680,21.0
681,21.0
682,21.0
683,21.0
684,21.0
685,21.0
686,21.0
687,21.0
688,21.0
689,21.0
690,21.0
691,21.0
692,21.0
693,21.0
694,21.0
695,21.0
696,21.0
697,21.0
698,21.0
699,21.0
700,21.0
701,21.0
702,21.0
703,21.0
704,21.0
705,21.0
706,21.0
707,21.0
708,21.0
709,21.0
710,21.0
711,21.0
712,21.0
713,21.0
714,21.0
715,21.0
716,21.0
717,21.0
718,21.0
719,21.0
720,21.0
721,21.0
722,21.0
723,21.0
724,21.0
725,21.0
726,21.0
727,21.0
728,21.0
729,21.0
730,21.0
731,24.2
732,26.0
733,26.2
734,27.0
735,27.0
736,28.5
737,28.0
738,28.0
739,27.0
740,23.9
741,22.4
742,21.4
743,20.7
744,19.9
745,19.4
746,19.0
747,19.0
748,19.0
749,19.0
750,19.5
751,20.5
752,19.0
753,21.0
754,23.0
755,25.0
756,27.0
757,27.0
758,28.0
759,29.0
760,30.0
761,29.0
762,28.0
763,27.0
764,27.0
765,24.0
766,24.0
767,23.0
768,22.0
769,21.0
770,20.8
771,20.5
772,20.2
773,20.0
774,20.2
775,20.5
776,20.8
777,21.0
778,25.0
779,26.0
780,28.0
781,29.0
782,29.0
783,30.0
784,31.0
785,31.0
786,31.0
787,27.0
788,24.0
789,23.0
790,24.0
791,24.0
792,23.0
793,23.0
794,23.0
795,23.0
796,22.0
797,22.0
798,20.0
799,19.0
800,19.0
801,21.0
802,25.0
803,25.0
804,27.0
805,27.0
806,27.0
807,29.0
808,29.0
809,27.0
810,28.0
811,28.0
812,27.0
813,25.0
814,24.0
815,25.0
816,24.0
817,23.0
818,22.0
819,21.0
820,21.0
821,21.0
822,20.7
823,20.3
824,20.0
825,21.0
826,24.0
827,25.0
828,26.0
829,27.0
830,28.0
831,29.0
832,24.0
833,26.0
834,27.0
835,22.0
836,22.0
837,22.0
838,21.2
839,21.0
840,20.5
841,20.0
842,19.5
843,19.0
844,18.8
845,18.2
846,17.6
847,17.0
848,17.0
849,18.0
850,22.0
851,25.0
852,26.0
853,27.0
854,28.0
855,29.0
856,30.0
857,31.0
858,31.0
859,29.0
860,27.0
861,26.0
862,24.9
863,24.5
864,24.0
865,23.5
866,23.1
867,22.6
868,22.2
869,21.1
870,20.1
871,19.0
872,17.0
873,20.0
874,24.0
875,26.0
876,28.0
877,28.0
878,29.0
879,30.0
880,31.0
881,30.0
882,29.0
883,29.0
884,27.0
885,26.0
886,24.7
887,24.6
888,24.5
889,24.4
890,24.3
891,24.2
892,23.7
893,23.1
894,22.6
895,22.0
896,21.0
897,23.0
898,26.0
899,27.0
900,29.0
901,30.0
902,30.0
903,30.5
904,31.0
905,31.0
906,31.0
907,30.0
908,28.0
909,26.7
910,25.1
911,24.8
912,24.4
913,24.0
914,23.7
915,23.3
916,22.5
917,21.7
918,20.8
919,20.0
920,20.0
921,21.0
922,24.0
923,27.0
924,29.0
925,30.0
926,31.0
927,31.0
928,31.2
929,32.0
930,31.0
931,30.0
932,28.0
933,25.0
934,25.0
935,23.0
936,24.0
937,25.0
938,24.0
939,23.0
940,21.8
941,20.5
942,19.2
943,18.0
944,18.0
945,19.0
946,23.0
947,27.0
948,28.0
949,29.0
950,30.0
951,31.0
952,32.0
953,33.0
954,32.0
955,30.0
956,28.0
957,25.0
958,24.0
959,24.0
960,23.0
961,22.0
962,21.0
963,20.3
964,19.7
965,19.0
966,18.0
967,17.0
968,17.0
969,21.0
970,25.0
971,27.0
972,29.0
973,31.0
974,32.0
975,32.0
976,32.0
977,32.0
978,31.0
979,30.0
980,27.0
981,27.0
982,26.0
983,25.0
984,24.5
985,24.0
986,28.0
987,24.5
988,21.0
989,17.5
990,21.5
991,22.0
992,21.0
993,21.0
994,25.0
995,27.0
996,28.0
997,30.0
998,30.0
999,31.0
1000,32.0
1001,33.0
1002,31.0
1003,30.0
1004,29.0
1005,27.0
1006,26.0
1007,25.0
1008,24.0
1009,23.0
1010,22.5
1011,22.0
1012,21.2
1013,20.5
1014,19.8
1015,19.0
1016,18.0
1017,20.0
1018,25.0
1019,27.0
1020,29.0
1021,29.0
1022,31.0
1023,32.0
1024,33.0
1025,36.0
1026,35.0
1027,35.0
1028,31.0
1029,27.0
1030,26.0
1031,25.3
1032,24.7
1033,24.0
1034,23.3
1035,22.7
1036,22.0
1037,21.0
1038,20.0
1039,19.0
1040,19.0
1041,21.0
1042,25.0
1043,27.0
1044,30.0
1045,31.0
1046,33.0
1047,35.0
1048,32.5
1049,32.0
1050,31.0
1051,29.0
1052,27.0
1053,27.0
1054,25.0
1055,25.0
1056,25.0
1057,25.0
1058,24.0
1059,23.0
1060,22.0
1061,21.0
1062,21.0
1063,21.0
1064,20.0
1065,20.0
1066,25.0
1067,26.5
1068,28.0
1069,29.5
1070,31.0
1071,32.5
1072,34.0
1073,33.0
1074,32.0
1075,30.0
1076,29.0
1077,27.0
1078,24.9
1079,24.8
1080,24.7
1081,24.6
1082,23.5
1083,22.4
1084,21.8
1085,21.2
1086,20.6
1087,20.0
1088,20.0
1089,21.0
1090,27.0
1091,28.0
1092,29.0
1093,29.0
1094,29.0
1095,33.0
1096,34.0
1097,34.0
1098,32.0
1099,34.0
1100,33.0
1101,31.0
1102,28.7
1103,28.4
1104,28.1
1105,27.8
1106,26.5
1107,25.2
1108,24.4
1109,23.6
1110,22.8
1111,22.0
1112,21.0
1113,23.0
1114,24.5
1115,27.0
1116,30.0
1117,32.0
1118,33.0
1119,34.0
1120,33.0
1121,33.0
1122,33.0
1123,33.0
1124,29.0
1125,28.0
1126,21.0
1127,21.0
1128,21.0
1129,21.0
1130,20.7
1131,20.3
1132,20.0
1133,19.7
1134,19.3
1135,19.0
1136,19.0
1137,20.0
1138,21.0
1139,26.0
1140,27.0
1141,28.0
1142,29.0
1143,21.0
1144,24.0
1145,27.0
1146,28.0
1147,26.0
1148,24.0
1149,23.0
1150,21.0
1151,21.0
1152,21.0
1153,21.0
1154,21.0
1155,21.0
1156,21.0
1157,20.7
1158,20.3
1159,20.0
1160,20.0
1161,20.0
1162,23.0
1163,24.0
1164,26.0
1165,27.0
1166,28.0
1167,29.0
1168,29.0
1169,28.0
1170,26.0
1171,26.0
1172,25.0
1173,25.0
1174,24.0
1175,24.0
1176,24.0
1177,23.0
1178,23.0
1179,22.7
1180,22.3
1181,22.0
1182,22.0
1183,22.0
1184,21.0
1185,21.0
1186,23.0
1187,24.0
1188,26.0
1189,28.0
1190,28.0
1191,29.0
1192,30.0
1193,29.0
1194,28.0
1195,27.0
1196,27.0
1197,21.0
1198,21.0
1199,21.0
1200,21.0
1201,20.0
1202,20.0
1203,20.0
1204,20.0
1205,19.0
1206,19.0
1207,19.0
1208,18.0
1209,19.0
1210,21.0
1211,25.0
1212,25.0
1213,26.0
1214,27.0
1215,29.0
1216,29.0
1217,30.0
1218,29.0
1219,25.0
1220,23.0
1221,20.0
1222,20.0
1223,19.8
1224,19.6
1225,19.4
1226,19.2
1227,19.0
1228,19.0
1229,18.0
1230,18.0
1231,18.0
1232,18.0
1233,19.0
1234,23.0
1235,24.0
1236,25.0
1237,26.0
1238,27.0
1239,27.0
1240,28.0
1241,29.0
1242,28.0
1243,27.0
1244,25.0
1245,24.0
1246,21.0
1247,20.8
1248,20.7
1249,20.5
1250,20.3
1251,20.2
1252,20.0
1253,20.0
1254,19.7
1255,19.3
1256,19.0
1257,19.0
1258,22.0
1259,23.0
1260,24.0
1261,25.0
1262,26.0
1263,26.5
1264,27.0
1265,28.0
1266,27.0
1267,26.0
1268,25.0
1269,24.0
1270,23.0
1271,22.7
1272,22.4
1273,22.1
1274,21.7
1275,21.4
1276,21.1
1277,20.7
1278,20.4
1279,20.0
1280,19.0
1281,20.0
1282,21.0
1283,23.0
1284,25.0
1285,26.0
1286,28.0
1287,28.5
1288,29.0
1289,29.0
1290,29.0
1291,27.0
1292,25.0
1293,24.0
1294,23.2
1295,23.1
1296,23.0
1297,22.9
1298,22.7
1299,22.6
1300,22.5
1301,22.3
1302,22.2
1303,22.0
1304,21.0
1305,22.0
1306,25.0
1307,26.0
1308,28.0
1309,27.0
1310,29.0
1311,30.0
1312,28.0
1313,28.0
1314,28.0
1315,25.0
1316,24.0
1317,23.0
1318,22.0
1319,21.8
1320,21.6
1321,21.4
1322,21.2
1323,21.0
1324,20.7
1325,20.5
1326,20.2
1327,20.0
1328,20.0
1329,20.0
1330,21.0
1331,23.0
1332,24.0
1333,25.0
1334,26.0
1335,27.0
1336,28.0
1337,28.0
1338,27.0
1339,25.0
1340,23.8
1341,22.5
1342,21.2
1343,20.8
1344,20.3
1345,19.9
1346,19.4
1347,19.0
1348,18.5
1349,18.0
1350,17.5
1351,17.0
1352,17.0
1353,18.0
1354,19.0
1355,24.0
1356,25.0
1357,26.0
1358,27.0
1359,28.0
1360,29.0
1361,29.0
1362,28.0
1363,26.0
1364,26.0
1365,25.0
1366,24.0
1367,22.0
1368,21.8
1369,21.5
1370,21.3
1371,21.1
1372,20.8
1373,20.5
1374,20.3
1375,20.0
1376,19.0
1377,21.0
1378,23.0
1379,23.0
1380,24.0
1381,26.0
1382,26.0
1383,26.0
1384,27.0
1385,26.0
1386,24.0
1387,23.0
1388,22.0
1389,22.0
1390,21.0
1391,19.2
1392,19.2
1393,19.2
1394,19.2
1395,19.2
1396,19.1
1397,19.1
1398,19.0
1399,19.0
1400,19.0
1401,20.0
1402,23.0
1403,24.0
1404,25.0
1405,26.0
1406,27.0
1407,27.0
1408,28.0
1409,29.0
1410,28.0
1411,27.0
1412,22.5
1413,21.2
1414,20.4
1415,20.9
1416,21.9
1417,22.8
1418,23.3
1419,22.4
1420,21.2
1421,20.5
1422,20.5
1423,21.8
1424,20.5
1425,22.0
1426,25.6
1427,27.8
1428,30.0
1429,31.0
1430,32.0
1431,34.0
1432,34.6
1433,32.0
1434,31.5
1435,31.0
1436,29.0
1437,27.0
1438,26.3
1439,24.0
1440,24.0
1441,23.2
1442,23.0
1443,22.0
1444,24.2
1445,23.0
1446,21.0
1447,20.0
1448,21.0
1449,23.0
1450,24.5
1451,27.0
1452,30.0
1453,30.5
1454,31.0
1455,32.0
1456,33.0
1457,32.0
1458,30.7
1459,29.4
1460,28.0
1461,25.6
1462,23.2
1463,25.0
1464,24.3
1465,23.6
1466,23.2
1467,22.9
1468,22.5
1469,22.0
1470,21.3
1471,20.7
1472,20.0
1473,22.8
1474,25.6
1475,28.0
1476,29.0
1477,30.0
1478,31.0
1479,31.7
1480,32.4
1481,30.0
1482,30.0
1483,30.0
1484,27.0
1485,25.5
1486,24.0
1487,23.0
1488,23.0
1489,23.5
1490,22.0
1491,21.5
1492,21.0
1493,20.0
1494,19.0
1495,18.0
1496,18.0
1497,23.0
1498,25.2
1499,27.0
1500,28.3
1501,29.6
1502,31.0
1503,31.8
1504,32.6
1505,33.0
1506,32.0
1507,31.0
1508,26.0
1509,25.2
1510,24.4
1511,23.3
1512,22.3
1513,21.2
1514,21.0
1515,20.5
1516,20.1
1517,19.1
1518,18.1
1519,17.2
1520,17.2
1521,22.3
1522,24.5
1523,26.0
1524,27.9
1525,29.8
1526,31.0
1527,30.6
1528,30.3
1529,27.0
1530,27.0
1531,27.1
1532,25.0
1533,24.2
1534,23.5
1535,22.9
1536,22.2
1537,21.6
1538,21.0
1539,20.7
1540,20.4
1541,20.0
1542,19.7
1543,19.3
1544,19.0
1545,21.4
1546,23.8
1547,27.0
1548,27.9
1549,28.8
1550,30.0
1551,30.2
1552,30.5
1553,24.0
1554,24.9
1555,25.7
1556,25.0
1557,23.7
1558,22.4
1559,19.2
1560,16.0
1561,22.2
1562,24.0
1563,22.3
1564,20.6
1565,21.0
1566,20.8
1567,20.5
1568,20.0
1569,21.2
1570,22.5
1571,25.0
1572,26.0
1573,27.6
1574,29.0
1575,28.0
1576,28.5
1577,28.2
1578,28.0
1579,27.0
1580,26.0
1581,25.0
1582,22.5
1583,22.0
1584,21.0
1585,22.6
1586,22.0
1587,21.0
1588,19.6
1589,19.0
1590,18.8
1591,18.5
1592,18.0
1593,21.0
1594,24.2
1595,26.0
1596,27.0
1597,28.8
1598,28.0
1599,31.0
1600,31.8
1601,32.0
1602,32.0
1603,30.0
1604,28.0
1605,27.0
1606,27.5
1607,24.0
1608,24.0
1609,23.2
1610,23.0
1611,22.0
1612,21.6
1613,21.0
1614,20.0
1615,18.0
1616,18.5
1617,19.0
1618,24.5
1619,27.0
1620,29.0
1621,29.5
1622,31.0
1623,31.0
1624,32.7
1625,34.0
1626,33.0
1627,32.7
1628,29.0
1629,28.0
1630,25.0
1631,24.5
1632,24.0
1633,23.3
1634,23.0
1635,22.0
1636,20.0
1637,19.5
1638,19.0
1639,18.7
1640,20.0
1641,22.0
1642,25.5
1643,27.0
1644,29.0
1645,29.7
1646,31.0
1647,33.0
1648,34.0
1649,32.0
1650,30.0
1651,30.0
1652,27.0
1653,26.0
1654,25.4
1655,25.0
1656,25.0
1657,23.8
1658,23.0
1659,22.2
1660,21.4
1661,21.0
1662,20.0
1663,19.0
1664,20.0
1665,22.5
1666,25.0
1667,27.0
1668,29.0
1669,30.1
1670,29.0
1671,29.0
1672,30.6
1673,30.0
1674,29.0
1675,29.0
1676,28.0
1677,25.0
1678,25.0
1679,25.0
1680,24.0
1681,24.0
1682,24.0
1683,23.0
1684,23.0
1685,23.0
1686,23.0
1687,21.6
1688,21.0
1689,23.0
1690,25.7
1691,27.0
1692,29.0
1693,30.1
1694,31.0
1695,32.0
1696,33.0
1697,31.0
1698,26.0
1699,26.0
1700,27.0
1701,26.0
1702,24.6
1703,24.0
1704,23.0
1705,22.6
1706,23.0
1707,22.0
1708,23.0
1709,23.0
1710,23.0
1711,22.0
1712,22.0
1713,24.0
1714,26.0
1715,28.0
1716,29.0
1717,30.0
1718,31.0
1719,33.0
1720,33.0
1721,28.0
1722,29.0
1723,29.4
1724,27.0
1725,26.0
1726,24.7
1727,25.0
1728,24.6
1729,24.2
1730,22.0
1731,21.5
1732,21.0
1733,20.0
1734,20.0
1735,20.0
1736,20.0
1737,23.0
1738,26.0
1739,28.0
1740,29.0
1741,30.8
1742,32.0
1743,32.0
1744,33.0
1745,31.0
1746,29.0
1747,27.0
1748,27.0
1749,26.0
1750,25.6
1751,25.0
1752,25.0
1753,24.6
1754,21.0
1755,21.0
1756,21.0
1757,21.0
1758,20.0
1759,21.6
1760,21.0
1761,21.0
1762,22.0
1763,24.0
1764,25.0
1765,27.2
1766,28.0
1767,28.3
1768,28.6
1769,21.7
1770,20.9
1771,20.7
1772,20.0
1773,20.0
1774,18.9
1775,19.0
1776,19.0
1777,19.0
1778,19.0
1779,19.0
1780,19.4
1781,20.0
1782,20.0
1783,19.3
1784,19.0
1785,20.0
1786,20.4
1787,21.0
1788,23.0
1789,24.0
1790,26.0
1791,27.0
1792,26.7
1793,27.0
1794,25.0
1795,23.0
1796,23.0
1797,23.0
1798,21.6
1799,21.1
1800,20.6
1801,20.1
1802,20.0
1803,20.0
1804,19.4
1805,19.0
1806,19.0
1807,19.0
1808,19.0
1809,20.0
1810,20.0
1811,21.0
1812,22.0
1813,23.4
1814,24.0
1815,27.0
1816,28.7
1817,28.0
1818,25.0
1819,20.3
1820,20.6
1821,21.0
1822,20.4
1823,20.4
1824,20.1
1825,20.3
1826,20.6
1827,20.6
1828,19.7
1829,19.5
1830,19.2
1831,19.0
1832,19.0
1833,20.0
1834,21.2
1835,24.0
1836,26.0
1837,27.4
1838,29.0
1839,30.0
1840,30.0
1841,30.0
1842,28.0
1843,28.2
1844,27.0
1845,25.0
1846,24.4
1847,24.0
1848,23.0
1849,23.0
1850,23.0
1851,22.0
1852,22.2
1853,21.0
1854,21.0
1855,21.4
1856,21.0
1857,20.0
1858,18.8
1859,19.0
1860,20.0
1861,21.3
1862,24.0
1863,26.0
1864,25.0
1865,24.0
1866,23.0
1867,22.7
1868,22.0
1869,22.0
1870,21.7
1871,21.0
1872,21.0
1873,21.0
1874,20.0
1875,20.0
1876,19.8
1877,19.0
1878,19.0
1879,19.6
1880,19.0
1881,20.0
1882,20.0
1883,21.0
1884,22.0
1885,22.4
1886,24.2
1887,26.0
1888,27.4
1889,28.0
1890,27.0
1891,26.5
1892,24.0
1893,23.0
1894,22.4
1895,22.0
1896,22.0
1897,20.6
1898,21.0
1899,21.0
1900,19.8
1901,20.0
1902,21.0
1903,19.0
1904,19.0
1905,20.0
1906,22.6
1907,24.0
1908,25.0
1909,27.2
1910,28.0
1911,29.0
1912,27.8
1913,26.0
1914,23.0
1915,20.2
1916,22.0
1917,22.0
1918,20.7
1919,20.5
1920,20.3
1921,20.1
1922,20.0
1923,19.8
1924,19.6
1925,19.5
1926,19.4
1927,19.3
1928,19.0
1929,20.0
1930,21.8
1931,23.0
1932,24.0
1933,25.0
1934,26.0
1935,26.0
1936,27.3
1937,28.0
1938,26.0
1939,25.7
1940,25.0
1941,24.0
1942,22.8
1943,22.0
1944,22.0
1945,21.4
1946,21.0
1947,20.0
1948,18.5
1949,19.0
1950,18.0
1951,17.8
1952,18.0
1953,19.0
1954,22.0
1955,24.0
1956,26.0
1957,28.0
1958,29.0
1959,29.0
1960,29.5
1961,28.0
1962,29.0
1963,28.0
1964,26.0
1965,25.0
1966,23.5
1967,22.0
1968,21.8
1969,21.6
1970,20.0
1971,19.0
1972,19.3
1973,19.0
1974,19.0
1975,18.6
1976,19.3
1977,20.0
1978,23.2
1979,25.0
1980,26.0
1981,28.0
1982,29.0
1983,30.0
1984,30.5
1985,32.0
1986,29.0
1987,27.6
1988,26.3
1989,25.0
1990,20.5
1991,20.0
1992,20.1
1993,20.2
1994,19.6
1995,19.0
1996,19.0
1997,19.0
1998,19.0
1999,18.0
2000,18.0
2001,20.0
2002,23.2
2003,25.0
2004,27.0
2005,28.5
2006,30.0
2007,30.0
2008,30.0
2009,31.0
2010,29.0
2011,27.7
2012,26.0
2013,24.0
2014,24.8
2015,24.1
2016,23.3
2017,22.6
2018,21.9
2019,21.1
2020,20.4
2021,20.0
2022,19.0
2023,19.3
2024,19.0
2025,21.0
2026,23.8
2027,26.0
2028,28.0
2029,28.7
2030,30.0
2031,29.0
2032,29.0
2033,30.0
2034,29.0
2035,27.8
2036,27.0
2037,25.0
2038,20.5
2039,20.0
2040,20.0
2041,20.5
2042,21.0
2043,21.0
2044,20.7
2045,21.0
2046,20.0
2047,19.6
2048,19.0
2049,22.0
2050,23.3
2051,25.0
2052,26.0
2053,27.0
2054,28.0
2055,28.6
2056,29.2
2057,29.0
2058,28.0
2059,27.6
2060,25.0
2061,24.0
2062,19.2
2063,16.0
2064,15.0
2065,19.0
2066,19.0
2067,19.0
2068,19.0
2069,19.0
2070,19.0
2071,18.5
2072,19.2
2073,20.0
2074,22.0
2075,24.0
2076,25.0
2077,26.0
2078,27.0
2079,28.0
2080,29.0
2081,29.0
2082,29.0
2083,28.2
2084,26.6
2085,25.0
2086,23.4
2087,23.0
2088,22.0
2089,22.0
2090,22.0
2091,21.0
2092,20.4
2093,20.0
2094,20.0
2095,20.0
2096,20.0
2097,21.0
2098,23.0
2099,25.0
2100,26.6
2101,28.3
2102,29.0
2103,30.0
2104,30.5
2105,31.0
2106,30.0
2107,29.2
2108,27.0
2109,25.0
2110,23.6
2111,23.2
2112,22.8
2113,22.5
2114,22.1
2115,21.7
2116,21.3
2117,21.0
2118,20.7
2119,20.4
2120,21.0
2121,22.0
2122,23.0
2123,25.0
2124,26.1
2125,27.2
2126,29.0
2127,28.5
2128,28.0
2129,26.0
2130,25.5
2131,25.0
2132,24.0
2133,23.3
2134,22.7
2135,22.0
2136,20.6
2137,19.2
2138,19.0
2139,19.2
2140,19.5
2141,19.0
2142,18.8
2143,18.6
2144,18.0
2145,19.0
2146,21.2
2147,24.0
2148,25.0
2149,24.6
2150,27.0
2151,28.0
2152,28.2
2153,27.0
2154,26.0
2155,24.8
2156,21.0
2157,19.5
2158,18.5
2159,18.8
2160,18.8
2161,19.0
2162,19.0
2163,18.8
2164,18.3
2165,17.8
2166,18.3
2167,19.8
2168,17.0
2169,20.0
2170,25.0
2171,27.0
2172,28.0
2173,28.5
2174,31.0
2175,32.0
2176,32.1
2177,32.0
2178,31.0
2179,30.6
2180,28.0
2181,27.0
2182,26.0
2183,25.0
2184,24.0
2185,22.5
2186,22.0
2187,21.7
2188,21.4
2189,20.0
2190,19.0
2191,19.0
2192,18.0
2193,20.0
2194,25.0
2195,26.0
2196,27.0
2197,28.4
2198,29.0
2199,31.0
2200,32.6
2201,33.0
2202,33.0
2203,32.4
2204,29.0
2205,25.0
2206,23.5
2207,22.0
2208,21.0
2209,21.7
2210,23.0
2211,22.0
2212,21.7
2213,20.0
2214,20.0
2215,18.2
2216,19.0
2217,20.0
2218,24.5
2219,27.0
2220,28.0
2221,29.6
2222,31.0
2223,32.0
2224,32.4
2225,33.0
2226,33.0
2227,30.7
2228,28.4
2229,26.0
2230,24.0
2231,22.0
2232,21.0
2233,20.8
2234,20.0
2235,20.0
2236,19.2
2237,19.0
2238,20.0
2239,17.8
2240,17.0
2241,21.0
2242,23.2
2243,26.0
2244,28.0
2245,29.1
2246,30.0
2247,30.0
2248,30.5
2249,32.0
2250,30.0
2251,29.0
2252,26.0
2253,24.0
2254,22.7
2255,23.0
2256,22.0
2257,21.0
2258,21.0
2259,21.0
2260,20.7
2261,21.0
2262,20.0
2263,19.7
2264,20.0
2265,21.0
2266,24.5
2267,26.0
2268,27.0
2269,28.6
2270,28.0
2271,30.0
2272,30.0
2273,30.0
2274,29.0
2275,28.5
2276,26.0
2277,24.5
2278,23.0
2279,22.0
2280,22.0
2281,21.3
2282,21.0
2283,20.0
2284,20.0
2285,19.0
2286,18.0
2287,17.2
2288,17.0
2289,20.0
2290,23.8
2291,26.0
2292,28.0
2293,29.0
2294,31.0
2295,31.0
2296,30.5
2297,30.0
2298,29.0
2299,26.9
2300,25.0
2301,25.0
2302,24.7
2303,23.0
2304,23.0
2305,22.0
2306,22.0
2307,22.0
2308,21.6
2309,22.0
2310,22.0
2311,19.5
2312,19.0
2313,20.0
2314,26.0
2315,27.0
2316,27.0
2317,28.4
2318,30.0
2319,30.0
2320,30.6
2321,32.0
2322,32.0
2323,29.4
2324,28.0
2325,27.0
2326,24.5
2327,24.8
2328,25.0
2329,25.4
2330,24.0
2331,24.0
2332,22.8
2333,23.0
2334,22.7
2335,22.4
2336,22.0
2337,23.0
2338,25.8
2339,28.0
2340,28.4
2341,28.8
2342,30.0
2343,30.0
2344,31.3
2345,30.6
2346,30.0
2347,28.7
2348,26.0
2349,25.2
2350,24.5
2351,23.8
2352,23.0
2353,23.1
2354,23.0
2355,22.0
2356,22.0
2357,21.0
2358,21.0
2359,20.0
2360,20.0
2361,22.0
2362,25.3
2363,28.0
2364,29.0
2365,30.0
2366,31.0
2367,32.0
2368,31.0
2369,30.0
2370,27.0
2371,26.4
2372,25.0
2373,23.0
2374,23.4
2375,23.0
2376,23.0
2377,22.3
2378,21.0
2379,21.0
2380,19.9
2381,19.0
2382,19.0
2383,19.8
2384,20.0
2385,21.0
2386,24.5
2387,25.0
2388,28.0
2389,28.8
2390,29.0
2391,29.0
2392,31.0
2393,30.0
2394,29.0
2395,28.0
2396,25.0
2397,23.0
2398,22.5
2399,23.0
2400,23.0
2401,22.7
2402,23.0
2403,23.0
2404,21.5
2405,21.0
2406,21.0
2407,21.0
2408,21.0
2409,21.0
2410,21.0
2411,23.0
2412,23.0
2413,23.5
2414,26.0
2415,26.0
2416,27.0
2417,27.0
2418,27.0
2419,26.6
2420,24.0
2421,22.0
2422,21.4
2423,21.0
2424,21.0
2425,20.5
2426,19.0
2427,19.0
2428,18.9
2429,18.0
2430,19.0
2431,16.8
2432,17.0
2433,20.0
2434,23.5
2435,26.0
2436,27.0
2437,28.5
2438,29.0
2439,29.0
2440,29.8
2441,29.0
2442,27.0
2443,24.5
2444,21.0
2445,23.0
2446,22.4
2447,21.0
2448,21.0
2449,21.0
2450,21.0
2451,21.1
2452,21.2
2453,20.0
2454,20.0
2455,18.9
2456,18.0
2457,21.0
2458,23.1
2459,25.0
2460,26.0
2461,28.0
2462,28.0
2463,30.0
2464,23.0
2465,22.7
2466,24.0
2467,19.0
2468,19.0
2469,19.0
2470,20.0
2471,20.0
2472,20.0
2473,19.7
2474,19.0
2475,19.0
2476,19.4
2477,19.0
2478,19.2
2479,19.5
2480,20.0
2481,20.0
2482,22.4
2483,23.0
2484,24.0
2485,25.0
2486,27.0
2487,28.0
2488,28.2
2489,20.0
2490,23.0
2491,21.1
2492,20.0
2493,21.0
2494,21.0
2495,21.0
2496,20.8
2497,20.6
2498,20.0
2499,19.0
2500,20.0
2501,20.0
2502,18.0
2503,17.9
2504,17.0
2505,20.0
2506,22.5
2507,24.0
2508,25.0
2509,25.8
2510,27.0
2511,28.0
2512,28.6
2513,28.0
2514,26.0
2515,25.0
2516,23.0
2517,25.0
2518,21.5
2519,22.0
2520,22.0
2521,21.7
2522,21.0
2523,20.0
2524,20.5
2525,20.0
2526,19.0
2527,18.2
2528,18.0
2529,22.0
2530,23.6
2531,25.0
2532,25.0
2533,26.0
2534,26.0
2535,27.0
2536,27.9
2537,26.0
2538,25.0
2539,24.3
2540,23.6
2541,23.0
2542,22.0
2543,21.0
2544,21.0
2545,21.5
2546,21.0
2547,21.0
2548,20.7
2549,20.0
2550,20.0
2551,19.9
2552,20.0
2553,20.0
2554,22.5
2555,24.0
2556,26.0
2557,26.7
2558,26.0
2559,26.0
2560,27.8
2561,27.0
2562,26.0
2563,23.0
2564,19.0
2565,21.0
2566,20.0
2567,19.0
2568,19.0
2569,19.6
2570,20.0
2571,19.8
2572,19.5
2573,20.0
2574,20.0
2575,19.5
2576,19.0
2577,20.3
2578,21.6
2579,19.0
2580,21.0
2581,21.9
2582,24.0
2583,27.0
2584,28.0
2585,28.0
2586,28.0
2587,27.2
2588,25.0
2589,24.0
2590,23.5
2591,20.0
2592,20.0
2593,19.3
2594,19.0
2595,19.0
2596,19.4
2597,19.0
2598,19.0
2599,18.2
2600,18.0
2601,22.0
2602,22.7
2603,25.0
2604,25.0
2605,25.5
2606,27.0
2607,28.0
2608,21.2
2609,22.0
2610,21.0
2611,20.6
2612,20.0
2613,20.0
2614,20.0
2615,20.0
2616,20.0
2617,19.6
2618,20.0
2619,20.0
2620,19.4
2621,19.0
2622,18.9
2623,17.0
2624,17.0
2625,20.0
2626,23.0
2627,24.0
2628,26.0
2629,26.0
2630,28.0
2631,28.0
2632,28.5
2633,24.0
2634,25.0
2635,24.5
2636,23.0
2637,21.0
2638,20.3
2639,18.0
2640,19.0
2641,19.6
2642,19.0
2643,19.0
2644,18.9
2645,18.0
2646,19.0
2647,18.1
2648,18.0
2649,20.0
2650,22.3
2651,24.0
2652,25.0
2653,26.0
2654,27.0
2655,27.0
2656,27.8
2657,26.0
2658,22.0
2659,22.5
2660,22.0
2661,21.0
2662,20.7
2663,21.0
2664,21.0
2665,21.2
2666,20.0
2667,20.0
2668,19.0
2669,19.0
2670,19.0
2671,19.0
2672,19.0
2673,20.0
2674,22.6
2675,25.0
2676,26.0
2677,26.2
2678,27.0
2679,29.0
2680,29.5
2681,29.0
2682,27.0
2683,23.0
2684,23.0
2685,22.0
2686,22.0
2687,22.0
2688,22.0
2689,21.9
2690,21.0
2691,20.0
2692,19.4
2693,19.0
2694,18.0
2695,17.5
2696,18.8
2697,20.0
2698,23.1
2699,25.0
2700,27.0
2701,27.0
2702,28.0
2703,29.0
2704,29.2
2705,30.0
2706,25.0
2707,26.0
2708,25.0
2709,24.0
2710,22.4
2711,23.0
2712,23.0
2713,22.0
2714,21.0
2715,20.0
2716,19.6
2717,20.0
2718,19.0
2719,19.4
2720,19.0
2721,22.0
2722,24.2
2723,26.0
2724,27.0
2725,28.3
2726,29.0
2727,30.0
2728,29.6
2729,29.0
2730,27.7
2731,26.4
2732,25.0
2733,24.0
2734,23.2
2735,23.0
2736,22.0
2737,22.2
2738,21.0
2739,21.0
2740,20.7
2741,20.0
2742,20.0
2743,18.7
2744,19.0
2745,21.0
2746,25.0
2747,27.0
2748,26.0
2749,26.2
2750,27.0
2751,27.0
2752,28.0
2753,27.0
2754,26.0
2755,23.2
2756,22.0
2757,23.0
2758,21.6
2759,21.0
2760,21.0
2761,20.4
2762,21.0
2763,21.0
2764,20.8
2765,20.0
2766,20.0
2767,18.5
2768,18.0
2769,20.0
2770,21.4
2771,24.0
2772,25.0
2773,25.9
2774,27.0
2775,28.0
2776,28.6
2777,28.0
2778,26.0
2779,26.0
2780,24.0
2781,22.0
2782,22.0
2783,22.0
2784,22.0
2785,21.5
2786,20.0
2787,20.0
2788,19.0
2789,19.0
2790,17.0
2791,17.0
2792,18.0
2793,20.0
2794,22.6
2795,25.0
2796,26.0
2797,26.7
2798,28.0
2799,28.0
2800,28.6
2801,29.0
2802,22.0
2803,21.4
2804,25.0
2805,23.0
2806,22.2
2807,22.0
2808,21.0
2809,20.3
2810,19.6
2811,19.0
2812,18.5
2813,19.0
2814,18.5
2815,18.0
2816,17.0
2817,21.0
2818,22.2
2819,24.0
2820,25.0
2821,26.9
2822,28.0
2823,28.0
2824,29.0
2825,29.0
2826,28.0
2827,25.8
2828,24.0
2829,24.0
2830,21.0
2831,20.0
2832,20.0
2833,20.0
2834,20.0
2835,20.0
2836,19.6
2837,18.0
2838,17.0
2839,16.5
2840,15.0
2841,19.0
2842,22.2
2843,24.0
2844,26.0
2845,27.4
2846,28.0
2847,29.0
2848,29.3
2849,30.0
2850,29.0
2851,27.8
2852,25.0
2853,24.0
2854,23.1
2855,22.0
2856,23.0
2857,21.7
2858,22.0
2859,22.0
2860,21.8
2861,22.0
2862,20.0
2863,20.1
2864,19.0
2865,21.0
2866,24.5
2867,26.0
2868,27.0
2869,27.6
2870,28.0
2871,29.0
2872,29.6
2873,29.0
2874,23.0
2875,23.0
2876,20.8
2877,20.2
2878,20.1
2879,20.3
2880,20.6
2881,20.7
2882,20.9
2883,20.6
2884,20.4
2885,20.2
2886,20.2
2887,20.8
2888,20.0
2889,21.0
2890,22.0
2891,23.0
2892,24.0
2893,25.0
2894,25.0
2895,26.0
2896,27.0
2897,27.0
2898,28.0
2899,27.0
2900,24.0
2901,23.0
2902,20.5
2903,21.0
2904,21.0
2905,20.8
2906,21.0
2907,21.0
2908,20.8
2909,20.0
2910,20.0
2911,19.0
2912,19.0
2913,21.0
2914,23.2
2915,25.0
2916,26.0
2917,27.0
2918,28.0
2919,30.0
2920,23.5
2921,24.0
2922,22.0
2923,20.6
2924,21.0
2925,21.0
2926,20.5
2927,20.0
2928,20.0
2929,20.0
2930,20.0
2931,20.0
2932,19.5
2933,19.0
2934,19.0
2935,18.0
2936,18.0
2937,19.0
2938,22.0
2939,24.0
2940,25.0
2941,26.0
2942,27.0
2943,27.0
2944,27.0
2945,26.0
2946,26.0
2947,24.7
2948,23.3
2949,22.0
2950,21.4
2951,20.8
2952,20.7
2953,20.6
2954,20.5
2955,20.4
2956,19.8
2957,19.2
2958,18.6
2959,18.0
2960,18.0
2961,20.0
2962,22.0
2963,25.0
2964,25.3
2965,25.7
2966,26.0
2967,26.0
2968,25.8
2969,25.5
2970,25.2
2971,25.0
2972,25.0
2973,24.0
2974,23.3
2975,22.6
2976,22.4
2977,22.2
2978,22.0
2979,21.8
2980,21.1
2981,20.4
2982,19.7
2983,19.0
2984,19.0
2985,21.0
2986,23.0
2987,24.0
2988,26.0
2989,26.4
2990,27.0
2991,27.3
2992,27.6
2993,28.0
2994,26.0
2995,25.5
2996,25.0
2997,24.0
2998,23.4
2999,23.0
3000,22.3
3001,21.7
3002,21.0
3003,20.9
3004,20.8
3005,20.4
3006,20.0
3007,20.4
3008,20.7
3009,21.0
3010,23.5
3011,25.0
3012,25.0
3013,26.3
3014,27.0
3015,27.0
3016,24.4
3017,22.0
3018,23.0
3019,23.0
3020,23.0
3021,22.7
3022,22.4
3023,22.0
3024,21.7
3025,21.3
3026,21.0
3027,21.0
3028,21.0
3029,20.0
3030,20.0
3031,19.9
3032,19.0
3033,20.0
3034,21.5
3035,22.8
3036,24.0
3037,25.5
3038,26.0
3039,26.0
3040,26.0
3041,21.9
3042,25.1
3043,22.2
3044,20.0
3045,21.0
3046,20.8
3047,21.0
3048,20.6
3049,20.2
3050,20.0
3051,20.0
3052,20.0
3053,20.0
3054,19.7
3055,19.4
3056,19.0
3057,20.0
3058,22.0
3059,23.0
3060,23.8
3061,24.5
3062,26.0
3063,26.5
3064,27.0
3065,27.0
3066,26.0
3067,22.0
3068,22.0
3069,21.0
3070,21.1
3071,21.0
3072,21.0
3073,20.9
3074,21.0
3075,20.6
3076,20.2
3077,20.0
3078,20.0
3079,19.9
3080,20.0
3081,20.5
3082,21.0
3083,23.0
3084,24.0
3085,24.5
3086,25.0
3087,26.0
3088,27.0
3089,26.0
3090,25.0
3091,23.0
3092,22.0
3093,21.0
3094,20.9
3095,20.6
3096,20.5
3097,20.2
3098,20.1
3099,19.5
3100,19.2
3101,18.9
3102,18.6
3103,18.3
3104,18.0
3105,19.0
3106,22.0
3107,24.0
3108,25.0
3109,25.5
3110,26.0
3111,26.9
3112,27.9
3113,26.9
3114,25.9
3115,23.9
3116,22.9
3117,21.9
3118,21.8
3119,21.5
3120,21.3
3121,21.0
3122,20.9
3123,20.3
3124,20.0
3125,19.6
3126,19.3
3127,19.0
3128,19.0
3129,21.0
3130,23.0
3131,25.0
3132,26.0
3133,27.0
3134,27.0
3135,28.0
3136,28.5
3137,29.0
3138,27.0
3139,25.0
3140,23.0
3141,22.0
3142,22.0
3143,21.7
3144,21.5
3145,21.1
3146,21.0
3147,20.4
3148,20.1
3149,19.8
3150,19.6
3151,19.3
3152,19.0
3153,20.0
3154,21.5
3155,23.3
3156,25.2
3157,27.0
3158,28.0
3159,28.0
3160,28.0
3161,28.0
3162,27.0
3163,24.0
3164,24.0
3165,24.0
3166,23.8
3167,23.3
3168,22.9
3169,22.4
3170,22.1
3171,21.3
3172,20.8
3173,20.4
3174,19.9
3175,19.5
3176,19.0
3177,21.0
3178,23.0
3179,24.0
3180,25.0
3181,26.0
3182,26.0
3183,27.0
3184,29.0
3185,27.0
3186,26.0
3187,22.9
3188,22.9
3189,22.9
3190,22.6
3191,22.1
3192,21.7
3193,21.1
3194,20.8
3195,20.0
3196,19.5
3197,19.0
3198,18.5
3199,18.0
3200,18.0
3201,21.0
3202,23.0
3203,25.0
3204,26.0
3205,27.0
3206,27.5
3207,28.0
3208,27.5
3209,28.0
3210,29.0
3211,27.4
3212,25.0
3213,23.0
3214,22.7
3215,21.0
3216,20.6
3217,20.2
3218,20.0
3219,19.2
3220,18.5
3221,19.0
3222,18.2
3223,17.4
3224,17.0
3225,21.0
3226,23.4
3227,25.0
3228,27.0
3229,27.0
3230,29.0
3231,29.0
3232,29.0
3233,29.0
3234,29.0
3235,27.5
3236,26.0
3237,25.2
3238,24.4
3239,23.0
3240,22.0
3241,21.0
3242,21.0
3243,20.0
3244,20.0
3245,19.0
3246,18.8
3247,18.5
3248,19.8
3249,21.0
3250,23.2
3251,25.0
3252,26.0
3253,26.3
3254,27.0
3255,28.0
3256,28.8
3257,29.0
3258,27.0
3259,27.6
3260,26.0
3261,25.0
3262,24.4
3263,23.0
3264,22.8
3265,22.5
3266,22.0
3267,21.3
3268,20.7
3269,20.0
3270,19.7
3271,19.4
3272,19.0
3273,21.2
3274,23.5
3275,25.0
3276,26.0
3277,27.0
3278,28.0
3279,28.0
3280,28.5
3281,29.0
3282,27.0
3283,26.0
3284,23.0
3285,22.3
3286,22.0
3287,21.0
3288,21.1
3289,21.1
3290,21.0
3291,20.6
3292,20.5
3293,20.3
3294,20.2
3295,20.0
3296,20.0
3297,22.0
3298,24.0
3299,26.0
3300,27.0
3301,27.0
3302,28.0
3303,29.0
3304,28.5
3305,29.0
3306,21.0
3307,20.0
3308,20.0
3309,20.0
3310,20.0
3311,20.0
3312,20.0
3313,20.5
3314,21.0
3315,20.0
3316,19.0
3317,20.0
3318,20.0
3319,19.0
3320,19.0
3321,21.0
3322,21.7
3323,24.0
3324,26.0
3325,26.0
3326,27.0
3327,27.0
3328,28.1
3329,25.5
3330,23.0
3331,20.8
3332,21.0
3333,21.0
3334,21.0
3335,21.1
3336,20.8
3337,20.9
3338,21.1
3339,20.4
3340,20.3
3341,20.1
3342,20.0
3343,20.0
3344,20.0
3345,20.0
3346,21.0
3347,23.0
3348,24.0
3349,25.0
3350,26.0
3351,27.0
3352,26.7
3353,28.0
3354,29.0
3355,26.0
3356,25.0
3357,24.0
3358,23.7
3359,23.3
3360,23.0
3361,22.5
3362,22.0
3363,22.0
3364,21.5
3365,22.0
3366,21.0
3367,20.5
3368,21.0
3369,21.0
3370,22.8
3371,24.4
3372,26.0
3373,27.0
3374,28.0
3375,28.0
3376,28.2
3377,29.0
3378,29.0
3379,26.5
3380,25.0
3381,24.0
3382,22.5
3383,23.0
3384,22.0
3385,21.5
3386,21.0
3387,21.0
3388,20.5
3389,20.0
3390,20.0
3391,19.5
3392,19.0
3393,20.0
3394,23.0
3395,25.0
3396,27.0
3397,23.0
3398,28.0
3399,28.0
3400,28.1
3401,29.0
3402,27.0
3403,22.5
3404,20.0
3405,20.0
3406,20.5
3407,21.0
3408,21.0
3409,20.8
3410,20.0
3411,20.0
3412,20.0
3413,19.0
3414,19.0
3415,18.5
3416,18.0
3417,19.0
3418,21.5
3419,23.0
3420,25.0
3421,26.1
3422,27.0
3423,27.0
3424,27.5
3425,24.2
3426,21.0
3427,21.5
3428,21.0
3429,20.6
3430,20.2
3431,20.0
3432,20.0
3433,19.5
3434,19.0
3435,19.4
3436,19.8
3437,20.0
3438,19.5
3439,19.0
3440,19.0
3441,20.8
3442,22.6
3443,23.6
3444,24.5
3445,25.5
3446,27.0
3447,27.0
3448,25.8
3449,22.0
3450,21.4
3451,20.8
3452,21.0
3453,20.0
3454,20.0
3455,20.0
3456,19.5
3457,19.0
3458,19.0
3459,20.0
3460,19.8
3461,20.0
3462,19.0
3463,17.9
3464,18.0
3465,19.0
3466,21.4
3467,24.0
3468,26.0
3469,26.8
3470,27.0
3471,27.0
3472,25.5
3473,26.0
3474,25.0
3475,25.2
3476,24.0
3477,22.0
3478,22.0
3479,22.0
3480,22.0
3481,21.5
3482,21.0
3483,21.2
3484,21.4
3485,21.0
3486,19.0
3487,19.9
3488,19.0
3489,19.0
3490,20.2
3491,22.0
3492,25.0
3493,24.4
3494,25.0
3495,26.0
3496,26.3
3497,27.0
3498,22.5
3499,18.0
3500,19.0
3501,19.0
3502,20.0
3503,20.0
3504,19.0
3505,19.0
3506,19.0
3507,19.0
3508,19.0
3509,19.0
3510,19.0
3511,19.0
3512,19.0
3513,20.0
3514,23.0
3515,24.0
3516,25.0
3517,26.0
3518,27.0
3519,28.0
3520,28.0
3521,22.5
3522,23.6
3523,18.8
3524,20.0
3525,20.0
3526,20.5
3527,21.0
3528,21.0
3529,20.5
3530,21.0
3531,20.0
3532,20.0
3533,20.0
3534,19.0
3535,19.0
3536,19.0
3537,21.0
3538,23.0
3539,23.0
3540,24.5
3541,26.0
3542,26.0
3543,27.0
3544,27.0
3545,27.0
3546,27.0
3547,26.0
3548,24.0
3549,22.0
3550,22.0
3551,22.0
3552,21.0
3553,20.5
3554,20.0
3555,19.5
3556,19.0
3557,19.0
3558,19.0
3559,18.0
3560,18.0
3561,20.0
3562,23.0
3563,24.0
3564,25.0
3565,27.0
3566,28.0
3567,28.5
3568,29.0
3569,27.0
3570,25.0
3571,25.0
3572,23.0
3573,21.4
3574,19.7
3575,20.0
3576,19.2
3577,19.0
3578,18.7
3579,18.5
3580,18.4
3581,18.2
3582,18.1
3583,18.0
3584,18.0
3585,21.0
3586,23.0
3587,24.0
3588,26.0
3589,25.0
3590,27.0
3591,28.0
3592,28.0
3593,25.0
3594,25.0
3595,25.0
3596,24.0
3597,22.4
3598,20.7
3599,21.0
3600,20.2
3601,20.0
3602,19.7
3603,19.5
3604,19.4
3605,19.2
3606,19.1
3607,19.0
3608,18.0
3609,21.0
3610,23.0
3611,24.0
3612,26.0
3613,28.0
3614,27.0
3615,28.0
3616,28.0
3617,29.0
3618,26.0
3619,25.0
3620,23.2
3621,22.6
3622,21.8
3623,20.9
3624,19.9
3625,19.2
3626,18.5
3627,18.3
3628,18.3
3629,18.4
3630,19.0
3631,19.8
3632,19.0
3633,20.2
3634,21.4
3635,22.8
3636,24.2
3637,25.6
3638,27.0
3639,27.7
3640,28.4
3641,28.0
3642,26.2
3643,24.5
3644,24.0
3645,23.0
3646,22.0
3647,22.0
3648,22.0
3649,21.9
3650,22.0
3651,21.5
3652,21.0
3653,21.0
3654,20.8
3655,20.5
3656,21.0
3657,22.2
3658,23.5
3659,25.0
3660,26.0
3661,27.0
3662,28.0
3663,27.8
3664,27.5
3665,27.0
3666,26.6
3667,26.3
3668,25.0
3669,24.7
3670,24.4
3671,24.0
3672,23.6
3673,23.3
3674,23.0
3675,22.6
3676,22.2
3677,22.0
3678,21.6
3679,21.2
3680,21.0
3681,22.8
3682,24.5
3683,25.0
3684,26.0
3685,27.0
3686,28.0
3687,28.6
3688,29.3
3689,28.7
3690,28.0
3691,27.4
3692,24.0
3693,24.0
3694,23.4
3695,22.0
3696,21.0
3697,20.8
3698,20.9
3699,21.0
3700,20.0
3701,20.0
3702,19.0
3703,18.0
3704,18.0
3705,20.0
3706,22.7
3707,25.0
3708,26.0
3709,26.9
3710,28.0
3711,28.0
3712,28.6
3713,27.0
3714,22.0
3715,22.4
3716,22.0
3717,22.0
3718,21.4
3719,19.0
3720,19.0
3721,19.0
3722,19.0
3723,19.0
3724,19.4
3725,19.0
3726,18.0
3727,18.0
3728,18.0
3729,20.0
3730,22.7
3731,24.0
3732,25.0
3733,26.6
3734,27.0
3735,27.6
3736,28.2
3737,28.3
3738,28.4
3739,28.5
3740,26.3
3741,24.2
3742,22.0
3743,22.0
3744,22.1
3745,22.2
3746,21.0
3747,20.2
3748,19.5
3749,19.0
3750,18.8
3751,18.5
3752,19.9
3753,21.3
3754,22.7
3755,24.0
3756,26.0
3757,26.4
3758,27.0
3759,28.0
3760,28.8
3761,26.0
3762,25.0
3763,23.2
3764,23.0
3765,22.0
3766,22.0
3767,22.0
3768,21.5
3769,21.0
3770,21.0
3771,20.8
3772,20.6
3773,21.0
3774,21.0
3775,21.0
3776,21.0
3777,21.6
3778,22.3
3779,24.6
3780,27.0
3781,26.4
3782,27.0
3783,27.0
3784,27.0
3785,27.0
3786,27.0
3787,26.0
3788,25.0
3789,24.0
3790,19.0
3791,19.0
3792,19.0
3793,19.0
3794,19.0
3795,19.0
3796,19.0
3797,19.0
3798,18.0
3799,19.0
3800,19.0
3801,21.0
3802,23.0
3803,24.1
3804,25.1
3805,26.2
3806,26.9
3807,27.7
3808,28.4
3809,28.0
3810,26.2
3811,24.4
3812,24.0
3813,24.0
3814,23.0
3815,20.0
3816,20.0
3817,19.7
3818,19.0
3819,19.0
3820,19.7
3821,19.0
3822,19.0
3823,19.7
3824,19.0
3825,21.0
3826,22.9
3827,25.0
3828,27.0
3829,26.7
3830,27.0
3831,27.0
3832,28.0
3833,28.0
3834,27.0
3835,25.7
3836,24.0
3837,23.0
3838,23.0
3839,22.0
3840,21.0
3841,21.3
3842,21.0
3843,21.0
3844,21.0
3845,20.0
3846,21.0
3847,21.0
3848,21.0
3849,21.0
3850,22.3
3851,25.0
3852,26.5
3853,28.0
3854,28.5
3855,29.0
3856,29.0
3857,30.0
3858,29.0
3859,29.0
3860,27.0
3861,26.0
3862,24.0
3863,24.0
3864,23.0
3865,22.0
3866,22.0
3867,21.6
3868,21.2
3869,21.1
3870,21.1
3871,21.0
3872,20.0
3873,20.0
3874,21.0
3875,23.0
3876,23.0
3877,20.5
3878,18.0
3879,22.5
3880,27.0
3881,26.0
3882,25.0
3883,25.3
3884,23.0
3885,23.0
3886,22.4
3887,21.0
3888,20.0
3889,19.2
3890,19.0
3891,19.0
3892,18.5
3893,18.0
3894,18.0
3895,18.0
3896,18.0
3897,19.0
3898,21.0
3899,23.0
3900,23.0
3901,24.4
3902,25.0
3903,26.0
3904,25.4
3905,24.0
3906,19.0
3907,20.5
3908,21.0
3909,20.0
3910,20.0
3911,20.0
3912,20.0
3913,19.3
3914,19.0
3915,19.0
3916,18.7
3917,18.4
3918,18.0
3919,18.4
3920,18.0
3921,20.0
3922,22.7
3923,24.0
3924,25.0
3925,26.3
3926,26.0
3927,27.0
3928,27.1
3929,27.0
3930,27.0
3931,26.0
3932,25.0
3933,24.0
3934,23.5
3935,24.0
3936,23.0
3937,23.4
3938,22.0
3939,22.0
3940,21.3
3941,20.0
3942,20.0
3943,19.8
3944,19.0
3945,21.0
3946,20.4
3947,24.0
3948,26.0
3949,26.6
3950,28.0
3951,28.0
3952,28.0
3953,27.0
3954,26.5
3955,26.0
3956,25.0
3957,24.2
3958,23.5
3959,22.0
3960,21.5
3961,21.0
3962,20.6
3963,20.1
3964,19.6
3965,20.0
3966,19.5
3967,19.0
3968,19.0
3969,20.0
3970,21.6
3971,24.0
3972,25.0
3973,26.4
3974,27.0
3975,28.0
3976,27.7
3977,27.4
3978,27.0
3979,25.5
3980,24.0
3981,23.5
3982,23.0
3983,23.0
3984,21.7
3985,20.4
3986,20.0
3987,20.1
3988,20.2
3989,20.6
3990,20.9
3991,21.3
3992,21.7
3993,22.0
3994,22.4
3995,25.0
3996,26.0
3997,27.0
3998,27.0
3999,28.0
4000,27.5
4001,27.0
4002,27.0
4003,25.2
4004,24.0
4005,24.0
4006,23.2
4007,22.0
4008,21.0
4009,21.0
4010,21.0
4011,20.0
4012,20.0
4013,20.0
4014,20.0
4015,20.0
4016,20.0
4017,21.0
4018,22.4
4019,24.0
4020,26.0
4021,27.6
4022,28.0
4023,29.0
4024,27.8
4025,27.0
4026,27.7
4027,28.4
4028,26.0
4029,23.0
4030,21.0
4031,21.0
4032,21.0
4033,21.2
4034,21.1
4035,21.0
4036,21.0
4037,20.0
4038,20.0
4039,20.4
4040,20.0
4041,21.0
4042,23.0
4043,24.0
4044,26.0
4045,27.0
4046,28.0
4047,28.0
4048,28.5
4049,29.0
4050,29.0
4051,29.3
4052,27.1
4053,25.0
4054,24.4
4055,24.0
4056,23.7
4057,23.3
4058,23.0
4059,22.1
4060,21.2
4061,21.0
4062,20.5
4063,19.9
4064,20.0
4065,20.0
4066,22.0
4067,24.0
4068,24.0
4069,25.0
4070,27.0
4071,26.9
4072,26.8
4073,26.9
4074,27.0
4075,25.6
4076,24.0
4077,24.0
4078,21.0
4079,20.0
4080,20.0
4081,19.8
4082,20.0
4083,19.0
4084,18.6
4085,18.0
4086,18.0
4087,18.0
4088,18.5
4089,19.0
4090,17.0
4091,23.0
4092,25.0
4093,26.0
4094,26.0
4095,27.0
4096,27.2
4097,27.0
4098,26.0
4099,25.0
4100,24.0
4101,22.0
4102,21.5
4103,21.0
4104,20.0
4105,20.4
4106,20.0
4107,19.0
4108,18.9
4109,19.0
4110,19.0
4111,19.6
4112,20.0
4113,20.0
4114,21.0
4115,22.0
4116,24.0
4117,25.6
4118,26.0
4119,27.0
4120,26.5
4121,25.0
4122,22.0
4123,21.0
4124,21.0
4125,20.7
4126,20.3
4127,20.0
4128,19.8
4129,19.7
4130,19.5
4131,19.4
4132,19.2
4133,19.2
4134,19.1
4135,19.1
4136,19.0
4137,19.0
4138,20.4
4139,22.0
4140,24.0
4141,25.2
4142,27.0
4143,27.0
4144,27.3
4145,27.0
4146,27.0
4147,25.2
4148,24.0
4149,22.0
4150,22.2
4151,21.0
4152,21.0
4153,20.7
4154,20.4
4155,20.1
4156,19.8
4157,19.4
4158,18.9
4159,18.5
4160,18.0
4161,20.0
4162,22.0
4163,24.0
4164,26.0
4165,25.7
4166,26.0
4167,27.0
4168,27.2
4169,28.0
4170,26.8
4171,25.6
4172,23.0
4173,22.0
4174,20.8
4175,20.0
4176,20.0
4177,20.7
4178,20.0
4179,20.0
4180,20.0
4181,19.0
4182,19.4
4183,19.8
4184,20.0
4185,21.0
4186,22.9
4187,24.0
4188,26.0
4189,25.0
4190,26.0
4191,27.0
4192,27.0
4193,27.0
4194,26.0
4195,25.0
4196,23.0
4197,22.0
4198,21.8
4199,21.0
4200,20.4
4201,19.8
4202,20.0
4203,19.0
4204,18.4
4205,18.0
4206,18.5
4207,19.0
4208,20.2
4209,21.5
4210,22.7
4211,24.0
4212,26.0
4213,27.2
4214,27.0
4215,28.0
4216,27.6
4217,27.0
4218,26.0
4219,23.6
4220,23.0
4221,22.0
4222,21.2
4223,20.0
4224,19.0
4225,19.3
4226,19.0
4227,19.0
4228,18.5
4229,18.0
4230,18.0
4231,17.0
4232,18.0
4233,18.0
4234,22.2
4235,24.0
4236,26.0
4237,27.0
4238,27.0
4239,28.0
4240,27.8
4241,27.0
4242,27.0
4243,26.1
4244,24.0
4245,23.0
4246,23.4
4247,22.0
4248,22.0
4249,22.0
4250,21.0
4251,20.0
4252,20.4
4253,20.0
4254,19.0
4255,18.5
4256,18.0
4257,19.0
4258,22.5
4259,24.0
4260,26.0
4261,27.3
4262,28.0
4263,28.0
4264,27.8
4265,24.0
4266,22.0
4267,22.0
4268,21.5
4269,20.9
4270,18.0
4271,21.0
4272,21.0
4273,19.5
4274,18.8
4275,18.0
4276,18.6
4277,18.0
4278,17.0
4279,17.2
4280,17.0
4281,17.0
4282,20.8
4283,23.0
4284,24.0
4285,25.4
4286,26.0
4287,26.9
4288,27.8
4289,28.0
4290,27.0
4291,18.7
4292,20.0
4293,19.0
4294,18.7
4295,19.0
4296,19.0
4297,18.7
4298,19.0
4299,18.0
4300,18.4
4301,18.0
4302,18.0
4303,18.3
4304,18.0
4305,19.0
4306,20.9
4307,23.0
4308,24.0
4309,25.3
4310,26.0
4311,27.0
4312,28.0
4313,27.0
4314,28.0
4315,26.8
4316,21.1
4317,24.0
4318,24.0
4319,23.0
4320,22.0
4321,20.0
4322,20.0
4323,20.0
4324,20.0
4325,20.0
4326,19.0
4327,18.8
4328,18.0
4329,20.0
4330,21.5
4331,23.0
4332,25.0
4333,26.4
4334,27.0
4335,28.0
4336,28.3
4337,28.0
4338,28.0
4339,27.0
4340,24.4
4341,23.5
4342,22.7
4343,21.5
4344,20.5
4345,19.5
4346,18.6
4347,18.6
4348,18.1
4349,18.0
4350,18.5
4351,19.5
4352,18.0
4353,20.0
4354,23.0
4355,24.0
4356,25.0
4357,26.0
4358,26.0
4359,26.0
4360,27.0
4361,28.0
4362,28.0
4363,26.0
4364,25.0
4365,23.0
4366,22.0
4367,22.0
4368,22.0
4369,21.5
4370,21.0
4371,21.5
4372,22.0
4373,21.0
4374,21.0
4375,21.0
4376,20.0
4377,21.0
4378,24.0
4379,25.0
4380,26.0
4381,27.0
4382,27.0
4383,27.0
4384,27.0
4385,26.0
4386,24.0
4387,23.6
4388,22.0
4389,22.0
4390,22.0
4391,20.0
4392,20.0
4393,20.0
4394,19.3
4395,18.7
4396,18.0
4397,17.7
4398,17.3
4399,17.0
4400,18.0
4401,21.0
4402,23.0
4403,24.0
4404,26.0
4405,27.0
4406,27.0
4407,28.0
4408,28.0
4409,27.0
4410,26.0
4411,26.0
4412,23.0
4413,22.0
4414,22.0
4415,22.0
4416,21.5
4417,21.0
4418,21.0
4419,21.0
4420,21.0
4421,21.0
4422,21.0
4423,20.5
4424,20.0
4425,20.0
4426,23.0
4427,24.0
4428,23.0
4429,26.0
4430,26.0
4431,25.0
4432,25.0
4433,27.0
4434,26.0
4435,24.5
4436,24.0
4437,21.0
4438,21.0
4439,21.0
4440,19.0
4441,19.0
4442,19.0
4443,18.0
4444,19.0
4445,19.0
4446,19.0
4447,18.0
4448,18.0
4449,20.0
4450,22.0
4451,24.0
4452,26.0
4453,26.0
4454,27.0
4455,27.0
4456,28.0
4457,28.0
4458,27.0
4459,26.0
4460,24.0
4461,22.0
4462,22.0
4463,21.0
4464,20.0
4465,20.0
4466,19.0
4467,19.0
4468,19.0
4469,19.0
4470,18.0
4471,18.0
4472,18.0
4473,20.0
4474,22.0
4475,25.0
4476,26.0
4477,28.0
4478,28.0
4479,28.0
4480,29.0
4481,28.0
4482,27.0
4483,25.0
4484,25.0
4485,22.0
4486,22.3
4487,21.0
4488,22.0
4489,21.0
4490,21.0
4491,21.0
4492,20.0
4493,20.0
4494,20.0
4495,19.0
4496,19.0
4497,21.0
4498,24.0
4499,24.0
4500,25.0
4501,27.0
4502,27.0
4503,27.0
4504,27.0
4505,26.0
4506,20.0
4507,21.0
4508,21.0
4509,20.0
4510,19.2
4511,20.0
4512,19.0
4513,19.0
4514,18.7
4515,18.3
4516,18.0
4517,18.0
4518,17.0
4519,16.0
4520,16.0
4521,18.0
4522,21.0
4523,23.0
4524,25.0
4525,26.0
4526,28.0
4527,29.0
4528,29.0
4529,29.0
4530,28.0
4531,26.5
4532,25.0
4533,24.0
4534,25.0
4535,25.0
4536,23.0
4537,22.0
4538,22.0
4539,22.0
4540,21.0
4541,21.0
4542,20.0
4543,20.0
4544,20.0
4545,21.0
4546,23.0
4547,25.0
4548,27.0
4549,28.0
4550,27.0
4551,28.0
4552,28.0
4553,27.0
4554,20.0
4555,21.2
4556,20.6
4557,20.0
4558,19.5
4559,18.9
4560,18.3
4561,17.7
4562,18.0
4563,18.0
4564,18.0
4565,17.0
4566,17.0
4567,17.6
4568,17.0
4569,21.0
4570,23.0
4571,24.0
4572,25.0
4573,26.1
4574,26.0
4575,27.0
4576,28.0
4577,27.0
4578,28.0
4579,22.1
4580,22.0
4581,22.0
4582,21.0
4583,20.0
4584,20.2
4585,20.5
4586,20.2
4587,20.0
4588,19.0
4589,18.0
4590,18.0
4591,18.0
4592,18.0
4593,22.0
4594,22.0
4595,24.0
4596,26.0
4597,26.6
4598,28.0
4599,28.0
4600,29.0
4601,29.0
4602,24.0
4603,24.0
4604,23.0
4605,23.0
4606,23.0
4607,22.0
4608,21.7
4609,21.3
4610,21.0
4611,20.0
4612,19.0
4613,19.0
4614,19.0
4615,19.0
4616,19.0
4617,20.0
4618,23.0
4619,23.0
4620,25.0
4621,25.0
4622,26.0
4623,26.0
4624,25.0
4625,24.0
4626,21.0
4627,22.2
4628,22.0
4629,21.0
4630,20.0
4631,20.0
4632,20.0
4633,20.0
4634,20.0
4635,20.0
4636,20.0
4637,20.0
4638,19.0
4639,19.0
4640,19.0
4641,20.0
4642,22.0
4643,22.0
4644,23.0
4645,24.0
4646,25.0
4647,26.0
4648,25.0
4649,24.0
4650,22.3
4651,16.2
4652,17.0
4653,17.0
4654,17.0
4655,17.0
4656,17.0
4657,17.0
4658,17.0
4659,17.0
4660,17.0
4661,17.0
4662,16.0
4663,16.0
4664,16.0
4665,18.0
4666,20.0
4667,22.0
4668,24.0
4669,27.0
4670,27.0
4671,27.0
4672,28.0
4673,28.0
4674,28.0
4675,27.0
4676,24.0
4677,24.0
4678,24.0
4679,22.0
4680,21.0
4681,21.0
4682,21.0
4683,20.0
4684,20.0
4685,20.0
4686,18.0
4687,17.0
4688,17.0
4689,20.0
4690,22.0
4691,23.0
4692,25.0
4693,26.2
4694,27.0
4695,26.0
4696,27.0
4697,27.0
4698,27.0
4699,27.0
4700,23.0
4701,23.0
4702,22.0
4703,21.0
4704,21.0
4705,21.0
4706,21.0
4707,21.0
4708,21.0
4709,20.0
4710,20.0
4711,19.0
4712,19.0
4713,22.0
4714,23.0
4715,24.0
4716,26.0
4717,26.0
4718,26.0
4719,27.0
4720,27.0
4721,25.0
4722,22.0
4723,22.4
4724,22.0
4725,21.0
4726,20.0
4727,19.0
4728,19.0
4729,20.0
4730,19.0
4731,19.0
4732,19.0
4733,19.0
4734,18.0
4735,17.0
4736,17.0
4737,20.0
4738,22.0
4739,24.0
4740,26.0
4741,26.0
4742,27.0
4743,28.0
4744,28.0
4745,28.0
4746,26.0
4747,25.0
4748,23.0
4749,21.0
4750,21.0
4751,20.0
4752,20.0
4753,20.0
4754,19.0
4755,19.0
4756,18.0
4757,18.0
4758,18.0
4759,18.0
4760,18.0
4761,19.0
4762,21.0
4763,23.0
4764,25.0
4765,26.0
4766,26.0
4767,27.0
4768,27.0
4769,27.0
4770,26.0
4771,26.0
4772,25.0
4773,23.0
4774,23.0
4775,22.0
4776,21.5
4777,21.0
4778,21.0
4779,21.0
4780,20.0
4781,20.0
4782,20.0
4783,20.0
4784,18.0
4785,20.0
4786,22.0
4787,24.0
4788,25.0
4789,26.0
4790,27.0
4791,27.0
4792,27.0
4793,28.0
4794,27.0
4795,25.0
4796,24.0
4797,23.0
4798,23.0
4799,20.0
4800,20.0
4801,20.0
4802,19.0
4803,19.0
4804,19.0
4805,19.0
4806,19.0
4807,19.0
4808,18.0
4809,19.0
4810,22.0
4811,24.0
4812,25.0
4813,25.0
4814,27.0
4815,26.0
4816,27.0
4817,27.0
4818,27.0
4819,26.0
4820,25.0
4821,24.0
4822,22.0
4823,22.0
4824,21.0
4825,21.0
4826,20.0
4827,20.0
4828,20.0
4829,20.0
4830,20.0
4831,19.7
4832,20.0
4833,21.0
4834,24.0
4835,25.0
4836,27.0
4837,27.0
4838,28.0
4839,28.0
4840,26.0
4841,26.0
4842,26.0
4843,26.0
4844,24.0
4845,22.0
4846,22.0
4847,22.0
4848,20.0
4849,19.6
4850,19.0
4851,19.0
4852,19.0
4853,20.0
4854,19.0
4855,19.2
4856,20.0
4857,20.0
4858,23.0
4859,25.0
4860,25.0
4861,26.0
4862,27.0
4863,27.0
4864,26.0
4865,26.0
4866,26.0
4867,25.0
4868,23.0
4869,22.0
4870,22.0
4871,22.0
4872,20.0
4873,19.0
4874,19.0
4875,18.0
4876,19.0
4877,18.0
4878,18.0
4879,19.0
4880,19.0
4881,21.0
4882,23.0
4883,24.0
4884,25.0
4885,25.0
4886,26.0
4887,26.0
4888,25.5
4889,26.0
4890,25.0
4891,21.0
4892,21.0
4893,22.0
4894,21.0
4895,21.0
4896,21.0
4897,21.0
4898,20.7
4899,20.3
4900,20.0
4901,15.0
4902,20.0
4903,20.0
4904,20.0
4905,22.0
4906,23.0
4907,24.0
4908,25.0
4909,26.0
4910,26.0
4911,28.0
4912,28.0
4913,25.0
4914,24.0
4915,24.0
4916,23.0
4917,22.0
4918,22.0
4919,20.2
4920,21.0
4921,21.0
4922,21.0
4923,20.0
4924,20.0
4925,20.0
4926,19.0
4927,19.0
4928,18.0
4929,20.0
4930,22.0
4931,24.0
4932,26.0
4933,27.0
4934,26.0
4935,27.0
4936,27.5
4937,28.0
4938,27.0
4939,27.0
4940,25.0
4941,23.0
4942,22.0
4943,21.0
4944,21.0
4945,20.0
4946,20.0
4947,19.0
4948,18.0
4949,18.0
4950,18.0
4951,18.0
4952,18.0
4953,19.0
4954,20.0
4955,22.0
4956,25.0
4957,27.0
4958,27.0
4959,27.0
4960,28.0
4961,28.0
4962,26.0
4963,22.0
4964,25.0
4965,23.0
4966,22.0
4967,20.5
4968,20.5
4969,21.0
4970,21.0
4971,20.5
4972,20.0
4973,21.0
4974,20.0
4975,20.0
4976,19.0
4977,21.0
4978,23.0
4979,25.0
4980,26.0
4981,27.0
4982,23.0
4983,26.0
4984,28.0
4985,28.0
4986,27.0
4987,26.0
4988,25.0
4989,23.0
4990,22.0
4991,20.0
4992,20.0
4993,22.0
4994,22.0
4995,22.0
4996,21.0
4997,21.0
4998,20.0
4999,20.0
5000,19.0
5001,21.0
5002,23.0
5003,25.0
5004,26.0
5005,25.0
5006,25.0
5007,26.0
5008,25.7
5009,25.0
5010,25.0
5011,24.0
5012,24.0
5013,23.0
5014,23.0
5015,21.0
5016,22.0
5017,20.0
5018,19.0
5019,19.0
5020,19.0
5021,18.0
5022,18.0
5023,20.0
5024,19.0
5025,20.0
5026,23.0
5027,23.0
5028,25.0
5029,27.0
5030,27.0
5031,27.0
5032,28.0
5033,27.0
5034,27.0
5035,26.0
5036,25.0
5037,23.0
5038,23.0
5039,23.0
5040,22.0
5041,22.0
5042,21.0
5043,20.0
5044,21.0
5045,20.0
5046,20.0
5047,20.0
5048,20.0
5049,21.0
5050,23.0
5051,23.0
5052,26.0
5053,26.0
5054,25.0
5055,25.0
5056,23.0
5057,25.0
5058,25.0
5059,21.0
5060,21.0
5061,21.0
5062,21.0
5063,21.0
5064,20.0
5065,20.0
5066,20.0
5067,20.0
5068,19.5
5069,19.0
5070,19.0
5071,19.0
5072,19.0
5073,19.0
5074,19.0
5075,20.0
5076,21.0
5077,21.0
5078,22.0
5079,24.0
5080,25.0
5081,24.0
5082,24.0
5083,24.0
5084,21.5
5085,20.8
5086,20.0
5087,19.5
5088,19.2
5089,18.9
5090,18.6
5091,18.4
5092,17.9
5093,17.2
5094,17.5
5095,18.5
5096,16.0
5097,19.0
5098,22.0
5099,23.0
5100,25.0
5101,26.0
5102,27.0
5103,27.0
5104,29.0
5105,29.0
5106,29.0
5107,27.0
5108,25.0
5109,25.0
5110,24.0
5111,23.0
5112,22.0
5113,22.0
5114,20.0
5115,20.0
5116,19.0
5117,18.0
5118,18.0
5119,17.0
5120,16.0
5121,19.0
5122,22.0
5123,23.0
5124,24.0
5125,25.0
5126,26.0
5127,27.0
5128,28.0
5129,29.0
5130,29.0
5131,27.0
5132,25.5
5133,24.0
5134,22.5
5135,21.6
5136,20.8
5137,19.9
5138,19.0
5139,18.0
5140,17.0
5141,17.0
5142,16.0
5143,17.0
5144,16.0
5145,20.0
5146,22.0
5147,24.0
5148,25.0
5149,26.2
5150,27.0
5151,28.0
5152,28.0
5153,28.0
5154,28.0
5155,26.0
5156,25.0
5157,22.0
5158,23.0
5159,23.0
5160,23.0
5161,23.0
5162,23.0
5163,21.0
5164,20.0
5165,19.0
5166,19.0
5167,18.0
5168,18.0
5169,20.0
5170,21.0
5171,23.0
5172,24.0
5173,26.0
5174,26.0
5175,27.0
5176,26.0
5177,26.0
5178,25.0
5179,24.0
5180,21.0
5181,20.0
5182,21.0
5183,20.0
5184,21.0
5185,20.0
5186,20.0
5187,20.0
5188,20.0
5189,20.0
5190,19.0
5191,20.0
5192,19.0
5193,22.0
5194,23.0
5195,24.0
5196,25.0
5197,26.0
5198,26.0
5199,26.0
5200,23.0
5201,26.0
5202,24.0
5203,25.0
5204,23.0
5205,22.0
5206,22.0
5207,21.0
5208,20.0
5209,20.0
5210,20.0
5211,20.0
5212,20.0
5213,20.0
5214,20.0
5215,20.0
5216,20.0
5217,20.0
5218,22.0
5219,24.0
5220,26.0
5221,26.0
5222,26.0
5223,28.0
5224,28.0
5225,28.0
5226,28.0
5227,27.0
5228,24.0
5229,23.0
5230,21.0
5231,21.0
5232,21.0
5233,21.0
5234,20.5
5235,20.0
5236,19.0
5237,19.0
5238,19.0
5239,19.0
5240,19.0
5241,20.0
5242,22.0
5243,25.0
5244,26.0
5245,26.7
5246,27.3
5247,28.0
5248,29.0
5249,30.0
5250,27.0
5251,28.0
5252,25.0
5253,23.0
5254,19.0
5255,19.0
5256,19.0
5257,19.0
5258,19.0
5259,19.0
5260,20.0
5261,20.0
5262,20.0
5263,20.0
5264,20.0
5265,21.0
5266,23.0
5267,25.0
5268,25.0
5269,26.0
5270,27.0
5271,27.0
5272,28.0
5273,28.0
5274,26.0
5275,25.0
5276,22.0
5277,21.0
5278,20.0
5279,20.0
5280,19.0
5281,19.0
5282,20.0
5283,20.0
5284,20.0
5285,20.0
5286,20.0
5287,19.0
5288,20.0
5289,21.0
5290,22.0
5291,24.0
5292,25.0
5293,26.0
5294,27.0
5295,27.0
5296,28.0
5297,28.0
5298,27.0
5299,26.0
5300,25.0
5301,23.0
5302,22.0
5303,21.0
5304,21.0
5305,20.0
5306,20.0
5307,20.0
5308,20.0
5309,20.0
5310,20.0
5311,20.0
5312,20.0
5313,20.0
5314,21.0
5315,22.0
5316,23.0
5317,24.0
5318,25.0
5319,27.0
5320,27.0
5321,27.0
5322,27.0
5323,27.0
5324,24.0
5325,22.0
5326,21.0
5327,20.0
5328,21.0
5329,19.0
5330,18.0
5331,17.0
5332,17.0
5333,17.0
5334,17.0
5335,17.0
5336,17.0
5337,18.0
5338,21.0
5339,24.0
5340,25.0
5341,26.0
5342,28.0
5343,28.0
5344,29.0
5345,29.0
5346,28.0
5347,28.0
5348,25.0
5349,23.0
5350,23.0
5351,22.0
5352,20.0
5353,20.0
5354,19.0
5355,18.0
5356,18.0
5357,18.0
5358,18.0
5359,17.1
5360,18.0
5361,20.0
5362,22.0
5363,24.0
5364,25.0
5365,26.0
5366,27.0
5367,27.0
5368,27.0
5369,27.0
5370,24.0
5371,24.0
5372,24.0
5373,23.0
5374,21.0
5375,21.0
5376,20.0
5377,21.0
5378,20.0
5379,20.0
5380,20.0
5381,19.0
5382,18.0
5383,19.0
5384,20.0
5385,21.0
5386,23.0
5387,25.0
5388,26.0
5389,26.0
5390,26.0
5391,27.0
5392,27.0
5393,26.0
5394,25.0
5395,24.0
5396,22.0
5397,22.0
5398,19.0
5399,19.0
5400,18.0
5401,18.0
5402,17.7
5403,17.3
5404,17.0
5405,17.0
5406,17.0
5407,17.0
5408,17.0
5409,20.0
5410,21.0
5411,23.0
5412,24.0
5413,25.0
5414,26.0
5415,26.0
5416,27.0
5417,26.0
5418,26.0
5419,26.0
5420,24.0
5421,24.0
5422,23.0
5423,23.0
5424,23.0
5425,23.0
5426,21.0
5427,21.0
5428,21.0
5429,20.0
5430,20.0
5431,20.0
5432,20.5
5433,21.0
5434,22.0
5435,22.0
5436,24.0
5437,26.0
5438,26.0
5439,26.0
5440,26.0
5441,24.0
5442,24.0
5443,24.0
5444,19.0
5445,18.0
5446,18.4
5447,18.9
5448,19.3
5449,19.7
5450,20.0
5451,20.0
5452,19.0
5453,18.0
5454,18.0
5455,18.0
5456,17.0
5457,22.0
5458,22.0
5459,23.0
5460,25.0
5461,26.0
5462,26.5
5463,27.0
5464,27.0
5465,28.0
5466,27.0
5467,26.0
5468,25.0
5469,23.0
5470,22.0
5471,21.7
5472,21.3
5473,21.0
5474,21.0
5475,21.0
5476,21.0
5477,20.3
5478,19.7
5479,19.0
5480,20.0
5481,21.0
5482,24.0
5483,25.0
5484,26.0
5485,26.0
5486,26.5
5487,27.0
5488,28.0
5489,28.0
5490,28.0
5491,27.0
5492,24.0
5493,24.0
5494,23.0
5495,22.7
5496,22.3
5497,22.0
5498,21.5
5499,21.0
5500,20.0
5501,19.7
5502,19.3
5503,19.0
5504,19.0
5505,20.0
5506,23.0
5507,25.0
5508,26.0
5509,27.0
5510,29.0
5511,29.0
5512,29.0
5513,29.0
5514,27.0
5515,24.5
5516,22.0
5517,23.0
5518,23.0
5519,22.0
5520,22.0
5521,21.0
5522,22.0
5523,22.0
5524,21.0
5525,20.0
5526,20.0
5527,20.0
5528,18.0
5529,21.0
5530,24.0
5531,25.0
5532,26.0
5533,27.0
5534,28.0
5535,28.0
5536,29.0
5537,28.0
5538,28.0
5539,22.0
5540,21.0
5541,21.0
5542,21.0
5543,21.0
5544,21.0
5545,21.0
5546,21.0
5547,21.0
5548,21.0
5549,20.0
5550,20.0
5551,19.0
5552,22.0
5553,22.0
5554,24.0
5555,26.0
5556,27.0
5557,27.0
5558,28.0
5559,29.0
5560,29.0
5561,30.0
5562,26.0
5563,23.3
5564,20.0
5565,20.0
5566,20.0
5567,20.0
5568,20.0
5569,20.0
5570,20.0
5571,20.0
5572,20.0
5573,19.7
5574,19.3
5575,19.0
5576,20.0
5577,21.0
5578,23.0
5579,25.0
5580,26.0
5581,27.0
5582,28.0
5583,28.0
5584,29.0
5585,28.0
5586,27.0
5587,25.0
5588,24.0
5589,21.0
5590,20.0
5591,20.0
5592,19.0
5593,19.0
5594,19.5
5595,20.0
5596,19.0
5597,19.0
5598,19.0
5599,20.0
5600,20.0
5601,20.0
5602,23.0
5603,24.0
5604,24.0
5605,27.0
5606,25.0
5607,25.0
5608,25.0
5609,28.0
5610,26.0
5611,25.0
5612,23.0
5613,21.0
5614,21.0
5615,20.0
5616,19.5
5617,19.0
5618,19.0
5619,18.0
5620,18.0
5621,18.0
5622,18.0
5623,17.0
5624,18.0
5625,20.0
5626,21.0
5627,24.0
5628,26.0
5629,27.0
5630,27.0
5631,29.0
5632,29.0
5633,29.0
5634,29.0
5635,24.0
5636,23.0
5637,20.0
5638,20.0
5639,19.7
5640,19.3
5641,19.0
5642,19.0
5643,19.0
5644,19.0
5645,19.0
5646,19.0
5647,20.0
5648,20.0
5649,21.0
5650,24.0
5651,24.0
5652,25.0
5653,25.0
5654,26.0
5655,27.0
5656,28.0
5657,26.0
5658,27.0
5659,23.0
5660,20.0
5661,21.0
5662,22.0
5663,20.0
5664,20.0
5665,19.0
5666,18.0
5667,18.0
5668,19.0
5669,19.0
5670,19.0
5671,18.0
5672,19.0
5673,20.0
5674,21.0
5675,22.0
5676,22.0
5677,24.0
5678,25.0
5679,25.0
5680,25.0
5681,26.0
5682,26.0
5683,24.0
5684,24.0
5685,22.0
5686,22.0
5687,21.0
5688,21.0
5689,20.0
5690,19.0
5691,20.0
5692,19.0
5693,19.0
5694,19.0
5695,19.0
5696,19.0
5697,21.0
5698,24.0
5699,25.0
5700,26.0
5701,26.0
5702,27.0
5703,27.0
5704,26.0
5705,26.0
5706,24.0
5707,24.0
5708,21.0
5709,19.0
5710,18.9
5711,19.0
5712,18.0
5713,18.9
5714,18.0
5715,17.0
5716,16.0
5717,16.0
5718,16.0
5719,15.5
5720,17.0
5721,20.0
5722,21.7
5723,23.0
5724,25.0
5725,27.0
5726,27.0
5727,28.0
5728,30.0
5729,26.0
5730,24.0
5731,25.0
5732,23.0
5733,23.0
5734,22.0
5735,20.0
5736,19.0
5737,18.0
5738,18.0
5739,18.0
5740,16.0
5741,17.0
5742,16.0
5743,15.4
5744,15.0
5745,21.0
5746,23.0
5747,25.0
5748,25.0
5749,28.0
5750,29.0
5751,29.0
5752,29.0
5753,27.0
5754,26.0
5755,25.0
5756,24.0
5757,23.0
5758,21.0
5759,20.7
5760,20.5
5761,20.2
5762,20.0
5763,19.0
5764,19.0
5765,19.0
5766,19.0
5767,18.0
5768,17.0
5769,21.0
5770,23.0
5771,25.0
5772,26.0
5773,27.0
5774,28.0
5775,29.0
5776,29.0
5777,28.0
5778,27.0
5779,24.0
5780,18.0
5781,18.0
5782,20.0
5783,19.0
5784,19.0
5785,19.0
5786,19.0
5787,19.0
5788,19.0
5789,19.0
5790,19.0
5791,19.0
5792,19.0
5793,22.0
5794,23.0
5795,25.0
5796,25.0
5797,26.0
5798,27.0
5799,27.0
5800,27.0
5801,27.0
5802,27.0
5803,25.0
5804,24.0
5805,24.0
5806,23.0
5807,23.0
5808,20.0
5809,19.0
5810,19.0
5811,19.0
5812,19.0
5813,19.0
5814,19.0
5815,19.0
5816,19.0
5817,20.0
5818,22.0
5819,23.0
5820,25.0
5821,25.0
5822,25.0
5823,26.0
5824,27.0
5825,25.0
5826,25.0
5827,23.0
5828,18.8
5829,18.8
5830,18.5
5831,18.8
5832,19.4
5833,19.7
5834,20.1
5835,20.0
5836,19.8
5837,19.5
5838,19.5
5839,19.8
5840,19.0
5841,20.0
5842,20.8
5843,22.0
5844,24.0
5845,24.9
5846,25.0
5847,26.0
5848,27.0
5849,28.0
5850,28.0
5851,26.0
5852,19.0
5853,18.0
5854,18.5
5855,19.0
5856,19.0
5857,18.8
5858,19.0
5859,19.0
5860,18.5
5861,19.0
5862,19.0
5863,18.5
5864,19.0
5865,20.0
5866,18.8
5867,23.0
5868,24.0
5869,24.9
5870,27.0
5871,27.0
5872,25.7
5873,25.0
5874,23.8
5875,22.5
5876,20.0
5877,20.0
5878,20.0
5879,20.0
5880,20.0
5881,19.5
5882,19.0
5883,19.0
5884,19.4
5885,19.0
5886,19.0
5887,18.0
5888,18.0
5889,19.0
5890,19.5
5891,20.0
5892,22.0
5893,24.3
5894,26.0
5895,24.0
5896,23.8
5897,24.0
5898,23.0
5899,22.0
5900,21.0
5901,20.0
5902,19.4
5903,19.3
5904,19.1
5905,19.0
5906,19.1
5907,19.3
5908,19.4
5909,19.0
5910,19.0
5911,19.3
5912,19.0
5913,20.0
5914,21.2
5915,22.0
5916,24.0
5917,25.0
5918,26.0
5919,24.6
5920,23.2
5921,24.0
5922,23.0
5923,22.0
5924,21.0
5925,21.0
5926,20.8
5927,20.0
5928,20.0
5929,19.0
5930,19.0
5931,19.0
5932,18.5
5933,18.0
5934,18.0
5935,17.8
5936,18.0
5937,20.0
5938,22.8
5939,23.4
5940,24.0
5941,25.0
5942,24.0
5943,21.0
5944,20.2
5945,20.0
5946,20.0
5947,19.5
5948,20.0
5949,19.0
5950,19.5
5951,20.0
5952,19.9
5953,19.7
5954,19.3
5955,18.9
5956,18.4
5957,18.0
5958,18.0
5959,18.0
5960,17.0
5961,19.0
5962,21.3
5963,23.0
5964,24.0
5965,24.4
5966,25.0
5967,26.0
5968,26.2
5969,27.0
5970,23.0
5971,19.6
5972,19.0
5973,20.0
5974,19.4
5975,19.9
5976,19.8
5977,19.6
5978,19.2
5979,18.8
5980,18.6
5981,18.4
5982,18.2
5983,18.0
5984,18.0
5985,20.0
5986,22.0
5987,23.0
5988,26.0
5989,26.0
5990,26.0
5991,27.0
5992,27.8
5993,28.0
5994,26.0
5995,26.3
5996,21.0
5997,21.0
5998,21.3
5999,20.0
6000,19.4
6001,18.9
6002,18.3
6003,17.8
6004,17.2
6005,17.0
6006,16.5
6007,16.1
6008,18.0
6009,18.0
6010,20.6
6011,23.0
6012,24.0
6013,25.3
6014,27.0
6015,28.0
6016,28.3
6017,29.0
6018,29.0
6019,28.1
6020,27.0
6021,26.0
6022,25.1
6023,24.1
6024,23.0
6025,22.0
6026,21.0
6027,19.6
6028,18.2
6029,17.5
6030,16.7
6031,16.0
6032,16.0
6033,17.0
6034,21.5
6035,23.0
6036,25.0
6037,26.2
6038,27.0
6039,29.0
6040,29.5
6041,30.0
6042,31.0
6043,30.5
6044,28.0
6045,25.0
6046,23.9
6047,22.0
6048,21.0
6049,20.0
6050,19.7
6051,19.3
6052,19.0
6053,19.0
6054,19.0
6055,17.2
6056,17.0
6057,18.0
6058,21.2
6059,24.0
6060,25.0
6061,26.1
6062,27.0
6063,27.0
6064,27.8
6065,27.0
6066,28.0
6067,28.2
6068,25.0
6069,25.0
6070,23.5
6071,23.1
6072,22.7
6073,22.4
6074,22.0
6075,21.6
6076,21.2
6077,20.5
6078,19.7
6079,19.0
6080,19.0
6081,19.0
6082,22.0
6083,24.0
6084,26.0
6085,26.2
6086,28.0
6087,28.0
6088,29.8
6089,30.0
6090,28.0
6091,27.0
6092,25.0
6093,24.0
6094,23.1
6095,22.5
6096,22.0
6097,21.4
6098,20.6
6099,19.8
6100,19.0
6101,18.0
6102,18.0
6103,18.0
6104,18.0
6105,20.0
6106,22.3
6107,24.0
6108,26.0
6109,27.8
6110,29.0
6111,28.0
6112,28.1
6113,30.0
6114,31.0
6115,30.0
6116,27.0
6117,24.0
6118,23.4
6119,22.7
6120,22.0
6121,22.3
6122,22.0
6123,20.7
6124,19.4
6125,19.0
6126,18.0
6127,17.0
6128,18.0
6129,20.0
6130,23.0
6131,25.0
6132,25.9
6133,26.8
6134,28.0
6135,29.0
6136,28.4
6137,29.0
6138,27.0
6139,25.0
6140,24.0
6141,23.0
6142,22.0
6143,22.0
6144,21.3
6145,20.6
6146,20.1
6147,19.5
6148,19.0
6149,19.0
6150,19.0
6151,19.0
6152,19.0
6153,21.0
6154,23.2
6155,25.0
6156,26.0
6157,27.0
6158,28.0
6159,29.0
6160,29.2
6161,26.1
6162,23.0
6163,24.0
6164,24.0
6165,23.0
6166,22.5
6167,22.0
6168,22.0
6169,21.5
6170,21.0
6171,21.0
6172,20.2
6173,20.0
6174,19.0
6175,17.2
6176,17.0
6177,20.0
6178,21.6
6179,25.0
6180,26.0
6181,27.0
6182,29.0
6183,29.0
6184,29.5
6185,30.0
6186,30.0
6187,28.5
6188,26.0
6189,26.0
6190,24.6
6191,24.0
6192,23.0
6193,22.2
6194,22.0
6195,21.0
6196,20.5
6197,20.0
6198,19.0
6199,17.7
6200,17.0
6201,21.0
6202,23.1
6203,25.0
6204,26.0
6205,28.0
6206,29.0
6207,30.0
6208,29.0
6209,30.0
6210,27.0
6211,22.5
6212,23.0
6213,23.0
6214,22.0
6215,22.0
6216,21.0
6217,20.5
6218,21.0
6219,21.0
6220,20.2
6221,19.0
6222,20.0
6223,20.5
6224,20.0
6225,22.0
6226,23.7
6227,25.4
6228,27.0
6229,28.0
6230,25.0
6231,29.0
6232,26.8
6233,21.0
6234,22.0
6235,22.3
6236,21.0
6237,21.2
6238,21.5
6239,21.0
6240,20.5
6241,20.0
6242,19.8
6243,19.6
6244,19.4
6245,19.0
6246,19.0
6247,19.0
6248,18.0
6249,21.0
6250,23.7
6251,26.0
6252,27.0
6253,27.5
6254,28.0
6255,29.0
6256,29.2
6257,25.0
6258,23.0
6259,23.5
6260,22.0
6261,23.0
6262,22.3
6263,21.7
6264,21.0
6265,20.5
6266,20.0
6267,20.0
6268,20.0
6269,19.0
6270,18.0
6271,17.0
6272,18.5
6273,20.0
6274,24.2
6275,26.0
6276,27.0
6277,28.1
6278,29.0
6279,28.0
6280,28.0
6281,27.5
6282,27.0
6283,26.0
6284,25.0
6285,25.0
6286,23.0
6287,23.0
6288,23.0
6289,22.5
6290,22.0
6291,21.5
6292,21.0
6293,20.0
6294,19.0
6295,18.5
6296,19.0
6297,21.0
6298,23.3
6299,26.0
6300,28.0
6301,29.5
6302,30.0
6303,31.0
6304,30.0
6305,30.0
6306,28.0
6307,23.5
6308,24.0
6309,22.0
6310,22.3
6311,18.0
6312,18.0
6313,18.0
6314,18.0
6315,18.5
6316,19.0
6317,19.0
6318,19.2
6319,19.5
6320,20.8
6321,22.0
6322,23.0
6323,25.0
6324,26.0
6325,26.3
6326,28.0
6327,27.6
6328,27.3
6329,25.0
6330,25.0
6331,25.0
6332,23.0
6333,22.0
6334,20.2
6335,19.1
6336,18.0
6337,18.5
6338,18.4
6339,18.3
6340,18.2
6341,18.0
6342,17.9
6343,17.7
6344,18.9
6345,20.0
6346,23.0
6347,25.0
6348,25.0
6349,26.5
6350,28.0
6351,29.0
6352,29.3
6353,25.0
6354,26.0
6355,25.0
6356,24.0
6357,24.0
6358,22.4
6359,23.0
6360,22.5
6361,22.0
6362,22.0
6363,21.3
6364,20.6
6365,21.0
6366,20.7
6367,20.4
6368,21.4
6369,22.5
6370,23.5
6371,24.8
6372,26.0
6373,26.4
6374,27.0
6375,28.0
6376,29.0
6377,29.0
6378,28.0
6379,25.0
6380,21.0
6381,21.0
6382,21.2
6383,22.0
6384,21.0
6385,19.8
6386,19.9
6387,20.0
6388,19.9
6389,20.0
6390,20.0
6391,20.0
6392,20.0
6393,20.0
6394,21.8
6395,24.0
6396,25.0
6397,26.0
6398,27.0
6399,27.0
6400,27.4
6401,28.0
6402,23.0
6403,20.0
6404,20.0
6405,19.0
6406,19.6
6407,21.4
6408,21.3
6409,19.0
6410,19.0
6411,18.7
6412,18.4
6413,18.0
6414,17.3
6415,16.6
6416,18.6
6417,20.7
6418,22.7
6419,24.4
6420,26.0
6421,26.5
6422,27.1
6423,27.8
6424,28.4
6425,29.0
6426,26.5
6427,24.0
6428,23.0
6429,22.6
6430,22.2
6431,22.0
6432,21.2
6433,20.5
6434,20.6
6435,20.7
6436,20.8
6437,21.0
6438,20.0
6439,19.8
6440,20.7
6441,21.6
6442,22.5
6443,24.1
6444,25.7
6445,27.3
6446,28.0
6447,29.0
6448,29.1
6449,27.5
6450,26.0
6451,24.0
6452,23.0
6453,22.4
6454,21.8
6455,21.0
6456,21.4
6457,21.8
6458,21.4
6459,20.9
6460,20.5
6461,20.0
6462,20.0
6463,19.6
6464,20.0
6465,21.0
6466,22.4
6467,23.7
6468,24.9
6469,26.2
6470,26.0
6471,27.1
6472,28.2
6473,28.0
6474,25.2
6475,22.5
6476,22.0
6477,21.5
6478,21.1
6479,21.0
6480,20.5
6481,20.1
6482,20.0
6483,19.8
6484,19.5
6485,19.3
6486,19.0
6487,18.8
6488,20.3
6489,21.9
6490,23.4
6491,25.0
6492,25.9
6493,26.8
6494,28.0
6495,28.4
6496,28.8
6497,27.0
6498,26.0
6499,25.0
6500,24.0
6501,23.3
6502,22.6
6503,22.0
6504,21.7
6505,21.4
6506,21.0
6507,20.7
6508,20.4
6509,20.0
6510,19.2
6511,18.5
6512,18.0
6513,20.7
6514,23.4
6515,25.0
6516,25.8
6517,26.6
6518,27.4
6519,28.2
6520,29.0
6521,29.0
6522,28.0
6523,27.0
6524,26.0
6525,25.0
6526,23.3
6527,23.0
6528,21.8
6529,20.6
6530,21.0
6531,20.4
6532,19.8
6533,19.3
6534,18.7
6535,18.1
6536,19.6
6537,21.0
6538,22.5
6539,25.0
6540,28.0
6541,28.3
6542,28.0
6543,29.0
6544,29.5
6545,30.0
6546,29.0
6547,28.0
6548,24.1
6549,23.1
6550,22.4
6551,21.6
6552,20.7
6553,20.0
6554,19.4
6555,19.1
6556,18.9
6557,18.2
6558,18.5
6559,19.4
6560,17.0
6561,20.0
6562,22.7
6563,25.0
6564,27.0
6565,27.5
6566,29.0
6567,30.0
6568,30.5
6569,31.0
6570,31.0
6571,28.2
6572,26.0
6573,24.0
6574,23.5
6575,23.0
6576,23.0
6577,23.2
6578,22.6
6579,22.0
6580,21.5
6581,21.0
6582,20.0
6583,19.5
6584,19.0
6585,21.0
6586,23.5
6587,25.0
6588,26.0
6589,27.0
6590,28.5
6591,30.0
6592,31.0
6593,31.0
6594,31.0
6595,29.6
6596,26.0
6597,25.0
6598,23.8
6599,24.0
6600,23.0
6601,22.6
6602,23.0
6603,22.2
6604,21.4
6605,21.0
6606,21.0
6607,19.4
6608,19.0
6609,22.0
6610,23.4
6611,25.0
6612,27.0
6613,28.0
6614,28.5
6615,29.0
6616,29.7
6617,30.0
6618,27.0
6619,27.4
6620,26.0
6621,25.0
6622,24.0
6623,24.0
6624,23.0
6625,22.4
6626,21.5
6627,20.7
6628,19.9
6629,19.0
6630,19.0
6631,18.0
6632,18.0
6633,21.0
6634,23.1
6635,25.0
6636,27.0
6637,27.7
6638,29.0
6639,29.0
6640,30.0
6641,31.0
6642,28.6
6643,26.2
6644,25.0
6645,24.0
6646,24.4
6647,23.0
6648,22.8
6649,22.5
6650,22.2
6651,22.0
6652,22.1
6653,22.0
6654,21.4
6655,20.8
6656,20.0
6657,22.0
6658,24.8
6659,26.0
6660,26.7
6661,27.3
6662,28.0
6663,28.9
6664,29.7
6665,29.0
6666,24.0
6667,23.0
6668,24.0
6669,23.7
6670,23.4
6671,23.2
6672,22.9
6673,22.6
6674,22.0
6675,22.0
6676,21.5
6677,21.0
6678,22.0
6679,21.7
6680,21.0
6681,22.0
6682,23.0
6683,26.0
6684,28.0
6685,29.5
6686,30.0
6687,30.0
6688,32.0
6689,32.0
6690,27.0
6691,26.5
6692,25.0
6693,24.0
6694,23.2
6695,23.0
6696,22.0
6697,22.6
6698,21.0
6699,20.0
6700,19.6
6701,20.0
6702,18.0
6703,17.6
6704,18.0
6705,21.0
6706,24.3
6707,26.0
6708,26.0
6709,27.3
6710,29.0
6711,31.0
6712,30.3
6713,20.0
6714,24.0
6715,24.0
6716,24.0
6717,23.0
6718,23.1
6719,23.0
6720,22.0
6721,22.0
6722,22.0
6723,21.0
6724,20.2
6725,20.0
6726,19.0
6727,17.8
6728,18.0
6729,21.0
6730,24.0
6731,27.0
6732,27.0
6733,27.6
6734,29.0
6735,29.0
6736,30.6
6737,31.0
6738,27.0
6739,24.8
6740,24.0
6741,22.0
6742,21.6
6743,22.0
6744,21.0
6745,22.0
6746,22.0
6747,21.0
6748,19.5
6749,19.0
6750,19.0
6751,19.0
6752,20.0
6753,22.0
6754,23.0
6755,24.0
6756,26.0
6757,26.2
6758,27.6
6759,29.0
6760,30.5
6761,23.6
6762,23.1
6763,24.8
6764,24.0
6765,23.0
6766,22.0
6767,22.0
6768,21.5
6769,21.0
6770,21.0
6771,20.0
6772,18.5
6773,18.0
6774,18.0
6775,17.8
6776,17.0
6777,20.0
6778,23.0
6779,26.0
6780,28.0
6781,29.3
6782,30.0
6783,31.0
6784,31.6
6785,31.0
6786,29.0
6787,24.6
6788,24.0
6789,24.0
6790,23.7
6791,23.5
6792,23.4
6793,23.2
6794,23.0
6795,22.7
6796,22.3
6797,22.0
6798,21.7
6799,21.3
6800,21.0
6801,22.8
6802,24.5
6803,24.8
6804,25.0
6805,29.1
6806,30.0
6807,28.5
6808,27.0
6809,25.5
6810,24.0
6811,22.3
6812,23.0
6813,23.0
6814,22.3
6815,22.0
6816,22.0
6817,20.2
6818,20.1
6819,20.0
6820,20.5
6821,20.0
6822,20.0
6823,20.2
6824,20.0
6825,21.0
6826,22.4
6827,25.0
6828,25.0
6829,27.2
6830,28.0
6831,29.0
6832,30.4
6833,30.0
6834,29.0
6835,27.8
6836,24.0
6837,23.0
6838,22.5
6839,23.0
6840,22.0
6841,22.0
6842,22.0
6843,21.0
6844,20.0
6845,20.0
6846,19.0
6847,17.5
6848,18.0
6849,21.0
6850,24.0
6851,26.0
6852,29.0
6853,28.0
6854,29.0
6855,24.4
6856,27.0
6857,23.0
6858,24.0
6859,22.0
6860,22.0
6861,22.0
6862,20.8
6863,21.0
6864,20.0
6865,20.0
6866,20.0
6867,19.5
6868,19.0
6869,19.0
6870,19.0
6871,19.0
6872,18.0
6873,21.0
6874,23.0
6875,25.0
6876,25.0
6877,27.0
6878,28.0
6879,23.0
6880,22.0
6881,21.0
6882,21.0
6883,20.8
6884,21.0
6885,21.0
6886,21.0
6887,21.0
6888,20.4
6889,19.7
6890,20.0
6891,19.0
6892,18.5
6893,18.0
6894,18.9
6895,19.8
6896,19.0
6897,20.0
6898,24.0
6899,25.0
6900,27.0
6901,28.0
6902,28.0
6903,24.8
6904,24.1
6905,22.4
6906,21.1
6907,21.6
6908,21.5
6909,21.5
6910,21.0
6911,21.0
6912,21.0
6913,19.6
6914,19.5
6915,19.5
6916,19.4
6917,19.2
6918,19.0
6919,17.6
6920,19.0
6921,21.0
6922,22.2
6923,23.0
6924,27.0
6925,28.5
6926,30.0
6927,30.0
6928,28.6
6929,27.2
6930,25.9
6931,24.5
6932,23.4
6933,22.2
6934,21.1
6935,21.0
6936,20.0
6937,19.8
6938,19.5
6939,19.3
6940,19.1
6941,19.0
6942,18.6
6943,18.3
6944,20.0
6945,21.7
6946,23.4
6947,24.0
6948,26.0
6949,28.2
6950,29.0
6951,30.0
6952,27.9
6953,26.0
6954,25.0
6955,24.5
6956,24.0
6957,23.1
6958,22.3
6959,22.0
6960,21.8
6961,21.6
6962,21.0
6963,20.0
6964,19.0
6965,19.0
6966,18.0
6967,18.1
6968,17.0
6969,21.0
6970,24.3
6971,26.0
6972,27.0
6973,28.2
6974,29.0
6975,31.0
6976,31.0
6977,27.0
6978,22.0
6979,24.5
6980,23.0
6981,23.0
6982,22.1
6983,22.0
6984,22.0
6985,21.3
6986,20.7
6987,20.2
6988,19.6
6989,19.0
6990,20.0
6991,20.0
6992,19.0
6993,22.0
6994,24.8
6995,26.0
6996,28.0
6997,29.0
6998,30.0
6999,30.1
7000,30.2
7001,27.6
7002,25.0
7003,26.0
7004,25.5
7005,25.0
7006,24.5
7007,24.0
7008,23.0
7009,22.6
7010,22.0
7011,21.0
7012,19.5
7013,19.2
7014,19.0
7015,17.5
7016,18.0
7017,22.0
7018,24.3
7019,26.0
7020,28.0
7021,29.3
7022,31.0
7023,32.0
7024,30.3
7025,30.0
7026,29.0
7027,27.8
7028,26.0
7029,24.0
7030,24.4
7031,23.0
7032,23.0
7033,22.3
7034,21.0
7035,21.0
7036,19.4
7037,19.0
7038,19.0
7039,17.8
7040,18.0
7041,22.0
7042,25.2
7043,27.0
7044,29.0
7045,30.2
7046,32.0
7047,32.5
7048,33.0
7049,34.0
7050,33.0
7051,28.0
7052,27.0
7053,26.0
7054,26.4
7055,25.0
7056,24.0
7057,21.5
7058,21.0
7059,21.0
7060,20.0
7061,20.0
7062,20.0
7063,20.2
7064,20.0
7065,22.0
7066,24.0
7067,26.0
7068,26.0
7069,27.5
7070,29.0
7071,31.0
7072,30.5
7073,30.0
7074,30.0
7075,28.0
7076,25.0
7077,25.0
7078,21.2
7079,21.0
7080,21.0
7081,19.5
7082,19.0
7083,19.0
7084,18.0
7085,18.0
7086,18.0
7087,16.5
7088,16.0
7089,20.0
7090,23.2
7091,26.0
7092,27.0
7093,28.5
7094,29.8
7095,31.0
7096,31.5
7097,30.0
7098,29.0
7099,28.0
7100,20.0
7101,18.0
7102,19.2
7103,19.0
7104,20.0
7105,20.0
7106,20.0
7107,19.5
7108,19.0
7109,19.0
7110,18.0
7111,18.0
7112,18.0
7113,22.0
7114,24.5
7115,25.8
7116,27.0
7117,27.5
7118,29.0
7119,29.0
7120,29.5
7121,30.0
7122,28.5
7123,27.0
7124,22.0
7125,19.0
7126,20.0
7127,20.0
7128,20.0
7129,19.0
7130,19.0
7131,19.0
7132,18.0
7133,18.0
7134,18.0
7135,17.0
7136,18.0
7137,21.0
7138,24.0
7139,26.0
7140,27.0
7141,28.0
7142,30.0
7143,29.0
7144,25.8
7145,26.0
7146,27.0
7147,25.0
7148,24.0
7149,23.0
7150,22.0
7151,22.0
7152,21.0
7153,20.9
7154,20.0
7155,20.0
7156,19.6
7157,19.0
7158,19.0
7159,19.0
7160,19.0
7161,20.0
7162,22.8
7163,24.9
7164,27.0
7165,27.5
7166,30.0
7167,31.0
7168,24.5
7169,24.3
7170,29.0
7171,21.7
7172,19.0
7173,20.0
7174,21.5
7175,21.0
7176,21.0
7177,20.4
7178,20.0
7179,20.0
7180,19.7
7181,19.0
7182,18.6
7183,18.3
7184,19.0
7185,21.0
7186,23.0
7187,24.0
7188,26.0
7189,26.5
7190,28.0
7191,29.0
7192,29.2
7193,30.0
7194,28.0
7195,24.6
7196,23.0
7197,23.0
7198,22.6
7199,22.0
7200,22.0
7201,21.0
7202,21.0
7203,21.0
7204,20.5
7205,20.0
7206,20.0
7207,19.8
7208,20.0
7209,21.0
7210,25.0
7211,26.0
7212,27.0
7213,27.4
7214,28.0
7215,28.0
7216,28.5
7217,28.0
7218,26.0
7219,23.5
7220,23.0
7221,21.0
7222,19.5
7223,20.0
7224,20.0
7225,20.0
7226,20.0
7227,20.0
7228,20.0
7229,20.0
7230,20.0
7231,20.0
7232,20.0
7233,20.0
7234,21.6
7235,23.0
7236,24.0
7237,25.3
7238,27.0
7239,27.0
7240,27.0
7241,25.0
7242,18.0
7243,18.8
7244,19.0
7245,20.0
7246,20.1
7247,20.0
7248,20.0
7249,19.5
7250,19.0
7251,19.0
7252,19.4
7253,19.0
7254,19.0
7255,19.4
7256,19.0
7257,20.0
7258,22.5
7259,24.0
7260,24.0
7261,26.0
7262,27.0
7263,28.0
7264,28.2
7265,28.0
7266,25.0
7267,23.6
7268,22.8
7269,22.0
7270,21.6
7271,22.0
7272,22.0
7273,21.0
7274,21.0
7275,20.5
7276,20.0
7277,20.0
7278,19.5
7279,19.1
7280,21.0
7281,23.0
7282,23.0
7283,24.0
7284,25.0
7285,26.5
7286,26.0
7287,26.8
7288,27.5
7289,28.0
7290,27.0
7291,24.2
7292,22.3
7293,22.0
7294,21.8
7295,22.0
7296,22.3
7297,22.3
7298,22.5
7299,22.0
7300,21.2
7301,20.8
7302,20.8
7303,21.6
7304,20.0
7305,22.0
7306,24.3
7307,26.0
7308,27.0
7309,27.7
7310,29.0
7311,30.0
7312,30.5
7313,32.0
7314,31.0
7315,28.5
7316,24.0
7317,23.0
7318,22.5
7319,22.0
7320,22.0
7321,21.0
7322,21.0
7323,20.0
7324,19.5
7325,19.0
7326,19.0
7327,18.8
7328,18.0
7329,20.0
7330,22.7
7331,25.0
7332,26.0
7333,26.5
7334,27.0
7335,29.0
7336,29.5
7337,30.0
7338,27.6
7339,25.2
7340,17.0
7341,18.0
7342,20.5
7343,20.0
7344,20.0
7345,20.0
7346,20.0
7347,20.0
7348,20.0
7349,20.0
7350,20.0
7351,19.5
7352,19.0
7353,20.0
7354,22.0
7355,23.0
7356,25.0
7357,26.0
7358,26.0
7359,28.0
7360,28.0
7361,26.0
7362,23.0
7363,21.0
7364,21.0
7365,21.0
7366,20.8
7367,20.0
7368,20.2
7369,20.4
7370,20.0
7371,19.7
7372,19.4
7373,19.0
7374,19.0
7375,19.0
7376,20.0
7377,21.0
7378,22.2
7379,24.0
7380,25.0
7381,26.0
7382,27.0
7383,29.0
7384,29.0
7385,29.0
7386,28.0
7387,27.0
7388,26.0
7389,21.0
7390,21.8
7391,21.0
7392,21.0
7393,21.0
7394,20.0
7395,19.2
7396,18.4
7397,18.0
7398,17.5
7399,17.0
7400,17.0
7401,21.0
7402,25.1
7403,26.0
7404,27.0
7405,29.1
7406,30.0
7407,31.0
7408,32.0
7409,32.0
7410,32.0
7411,29.5
7412,27.0
7413,26.0
7414,25.0
7415,24.0
7416,22.0
7417,20.7
7418,21.0
7419,21.0
7420,20.5
7421,19.0
7422,18.0
7423,17.0
7424,17.0
7425,20.0
7426,23.5
7427,25.0
7428,26.0
7429,28.2
7430,28.0
7431,29.0
7432,29.8
7433,30.0
7434,28.3
7435,26.7
7436,25.0
7437,24.5
7438,24.0
7439,23.5
7440,23.0
7441,22.0
7442,21.0
7443,21.0
7444,19.8
7445,19.0
7446,19.0
7447,18.0
7448,18.0
7449,21.0
7450,24.3
7451,25.0
7452,27.0
7453,27.0
7454,28.5
7455,29.9
7456,31.4
7457,32.0
7458,30.0
7459,28.1
7460,27.2
7461,26.2
7462,25.3
7463,25.0
7464,24.5
7465,23.9
7466,24.0
7467,24.0
7468,23.7
7469,23.5
7470,23.2
7471,22.9
7472,19.0
7473,21.8
7474,24.5
7475,25.8
7476,27.0
7477,27.0
7478,28.0
7479,28.5
7480,29.1
7481,29.0
7482,27.5
7483,25.9
7484,24.0
7485,23.0
7486,22.1
7487,22.0
7488,21.8
7489,21.7
7490,21.5
7491,21.4
7492,21.2
7493,20.6
7494,20.1
7495,19.5
7496,19.0
7497,21.9
7498,24.8
7499,26.0
7500,26.9
7501,27.8
7502,29.0
7503,24.5
7504,20.1
7505,27.0
7506,26.2
7507,25.5
7508,24.5
7509,23.6
7510,22.6
7511,22.4
7512,22.2
7513,22.0
7514,21.2
7515,20.5
7516,19.8
7517,19.0
7518,18.2
7519,17.5
7520,19.8
7521,22.0
7522,24.0
7523,26.0
7524,26.0
7525,28.4
7526,30.0
7527,30.0
7528,29.5
7529,30.0
7530,29.0
7531,29.0
7532,27.0
7533,26.0
7534,24.5
7535,23.0
7536,22.5
7537,22.0
7538,22.0
7539,21.5
7540,21.0
7541,20.0
7542,19.0
7543,18.0
7544,18.0
7545,20.0
7546,22.4
7547,25.0
7548,27.0
7549,28.5
7550,30.0
7551,30.0
7552,29.4
7553,27.0
7554,27.1
7555,27.2
7556,25.0
7557,25.0
7558,25.4
7559,23.0
7560,22.2
7561,21.4
7562,20.0
7563,19.5
7564,19.0
7565,19.0
7566,19.0
7567,19.0
7568,19.0
7569,21.6
7570,24.2
7571,26.0
7572,27.0
7573,28.0
7574,29.0
7575,29.0
7576,30.5
7577,30.0
7578,29.0
7579,27.0
7580,23.0
7581,22.0
7582,22.5
7583,22.0
7584,21.7
7585,21.4
7586,20.0
7587,19.8
7588,19.6
7589,19.0
7590,18.0
7591,17.0
7592,17.0
7593,21.0
7594,23.0
7595,25.0
7596,27.0
7597,27.3
7598,29.0
7599,29.0
7600,29.0
7601,30.0
7602,23.0
7603,24.0
7604,23.0
7605,23.0
7606,22.5
7607,22.0
7608,22.0
7609,21.4
7610,21.0
7611,20.8
7612,20.6
7613,20.3
7614,20.0
7615,20.0
7616,20.0
7617,20.0
7618,24.3
7619,24.0
7620,25.2
7621,26.5
7622,21.8
7623,24.7
7624,27.1
7625,26.0
7626,25.0
7627,24.2
7628,22.0
7629,22.0
7630,21.5
7631,22.0
7632,21.8
7633,21.6
7634,21.0
7635,20.4
7636,19.8
7637,19.7
7638,19.5
7639,19.4
7640,20.0
7641,21.0
7642,23.4
7643,24.0
7644,27.0
7645,27.8
7646,22.4
7647,28.0
7648,26.0
7649,25.0
7650,26.0
7651,25.0
7652,23.0
7653,21.0
7654,20.9
7655,20.0
7656,19.7
7657,20.0
7658,19.9
7659,19.8
7660,19.2
7661,18.6
7662,18.0
7663,18.3
7664,19.0
7665,20.0
7666,22.0
7667,25.0
7668,26.0
7669,27.3
7670,29.0
7671,30.0
7672,27.7
7673,26.0
7674,25.0
7675,23.2
7676,23.0
7677,22.0
7678,22.0
7679,22.0
7680,21.0
7681,21.2
7682,21.0
7683,21.0
7684,21.0
7685,21.0
7686,20.0
7687,19.0
7688,18.0
7689,20.0
7690,23.0
7691,27.0
7692,27.0
7693,28.0
7694,30.0
7695,26.8
7696,23.5
7697,27.0
7698,28.0
7699,26.5
7700,24.0
7701,23.0
7702,22.0
7703,22.0
7704,22.0
7705,20.5
7706,21.0
7707,20.0
7708,19.5
7709,20.0
7710,19.0
7711,17.8
7712,18.0
7713,22.0
7714,24.5
7715,27.0
7716,28.0
7717,29.7
7718,29.0
7719,31.0
7720,32.5
7721,33.0
7722,32.0
7723,31.5
7724,27.0
7725,26.0
7726,24.5
7727,24.0
7728,23.0
7729,22.0
7730,22.0
7731,22.0
7732,22.2
7733,22.0
7734,20.0
7735,18.2
7736,19.0
7737,22.0
7738,24.3
7739,29.0
7740,28.0
7741,29.0
7742,30.0
7743,29.0
7744,30.0
7745,24.0
7746,26.0
7747,25.9
7748,25.0
7749,20.0
7750,24.5
7751,24.0
7752,23.2
7753,22.4
7754,21.6
7755,20.8
7756,20.0
7757,19.0
7758,18.5
7759,18.0
7760,18.0
7761,20.0
7762,24.4
7763,26.0
7764,27.0
7765,27.3
7766,29.0
7767,29.0
7768,30.0
7769,28.0
7770,26.0
7771,24.3
7772,22.0
7773,22.0
7774,21.6
7775,21.4
7776,21.2
7777,21.0
7778,20.7
7779,20.5
7780,20.3
7781,20.2
7782,20.1
7783,20.0
7784,20.0
7785,20.0
7786,20.0
7787,21.0
7788,22.0
7789,23.1
7790,24.0
7791,25.0
7792,25.1
7793,26.0
7794,25.0
7795,21.5
7796,20.0
7797,20.0
7798,20.0
7799,19.8
7800,19.7
7801,19.5
7802,19.3
7803,19.2
7804,19.0
7805,19.2
7806,19.3
7807,19.5
7808,20.0
7809,21.0
7810,23.5
7811,25.0
7812,26.0
7813,26.6
7814,28.0
7815,28.0
7816,29.1
7817,28.2
7818,27.4
7819,26.5
7820,23.0
7821,22.7
7822,22.4
7823,21.9
7824,21.5
7825,21.0
7826,20.5
7827,20.1
7828,19.6
7829,19.7
7830,19.9
7831,20.0
7832,19.0
7833,21.0
7834,24.0
7835,25.0
7836,26.2
7837,27.5
7838,28.0
7839,28.0
7840,27.0
7841,24.5
7842,22.0
7843,22.0
7844,19.9
7845,20.1
7846,20.1
7847,19.9
7848,19.9
7849,19.8
7850,20.0
7851,19.7
7852,19.9
7853,19.3
7854,18.6
7855,18.0
7856,18.0
7857,20.0
7858,23.0
7859,24.0
7860,27.0
7861,28.0
7862,27.0
7863,30.0
7864,30.5
7865,30.0
7866,26.0
7867,24.6
7868,24.0
7869,23.7
7870,23.4
7871,23.1
7872,22.8
7873,22.5
7874,21.2
7875,19.9
7876,18.6
7877,18.5
7878,18.5
7879,18.4
7880,19.0
7881,20.0
7882,22.5
7883,24.0
7884,25.0
7885,26.2
7886,27.0
7887,28.0
7888,29.0
7889,23.0
7890,22.0
7891,22.3
7892,22.0
7893,22.0
7894,21.6
7895,21.0
7896,21.0
7897,20.5
7898,21.0
7899,20.0
7900,19.5
7901,19.0
7902,19.0
7903,18.0
7904,18.0
7905,20.0
7906,22.5
7907,24.0
7908,25.0
7909,25.3
7910,26.0
7911,26.0
7912,27.0
7913,26.0
7914,25.0
7915,24.5
7916,23.0
7917,21.0
7918,20.0
7919,20.0
7920,20.0
7921,20.0
7922,20.0
7923,20.0
7924,20.0
7925,20.0
7926,20.0
7927,20.5
7928,21.0
7929,21.9
7930,22.8
7931,24.0
7932,24.0
7933,25.0
7934,26.0
7935,25.0
7936,24.0
7937,26.0
7938,25.0
7939,24.0
7940,23.0
7941,21.2
7942,19.4
7943,19.0
7944,19.0
7945,18.9
7946,19.0
7947,18.9
7948,18.8
7949,18.0
7950,17.8
7951,17.6
7952,19.2
7953,20.8
7954,22.4
7955,24.0
7956,26.0
7957,27.0
7958,28.0
7959,29.0
7960,29.0
7961,29.0
7962,27.5
7963,26.0
7964,24.8
7965,23.6
7966,22.4
7967,21.8
7968,21.1
7969,20.5
7970,20.3
7971,20.0
7972,19.8
7973,19.2
7974,18.6
7975,18.0
7976,19.2
7977,20.3
7978,21.5
7979,22.8
7980,24.2
7981,25.5
7982,26.2
7983,26.9
7984,27.6
7985,26.5
7986,25.5
7987,24.4
7988,23.6
7989,22.7
7990,21.9
7991,21.5
7992,21.2
7993,20.8
7994,20.5
7995,20.3
7996,20.0
7997,19.8
7998,19.7
7999,19.5
8000,20.0
8001,20.0
8002,22.2
8003,24.0
8004,26.0
8005,27.0
8006,27.0
8007,28.0
8008,28.7
8009,26.0
8010,25.0
8011,24.5
8012,20.7
8013,19.9
8014,19.1
8015,19.4
8016,19.9
8017,20.4
8018,21.0
8019,20.9
8020,20.5
8021,20.0
8022,20.2
8023,21.2
8024,19.0
8025,21.6
8026,24.3
8027,20.9
8028,21.8
8029,28.5
8030,29.0
8031,28.8
8032,28.5
8033,28.0
8034,27.4
8035,26.9
8036,25.0
8037,21.6
8038,18.2
8039,18.0
8040,18.4
8041,18.7
8042,19.0
8043,19.0
8044,19.0
8045,19.0
8046,18.6
8047,18.2
8048,19.0
8049,20.0
8050,22.0
8051,24.0
8052,26.0
8053,27.4
8054,28.2
8055,29.0
8056,29.3
8057,29.0
8058,27.0
8059,25.9
8060,24.0
8061,23.0
8062,22.0
8063,22.0
8064,21.0
8065,20.0
8066,20.0
8067,20.0
8068,20.1
8069,20.0
8070,19.0
8071,18.0
8072,18.0
8073,21.0
8074,24.0
8075,26.0
8076,27.0
8077,27.5
8078,28.0
8079,28.0
8080,29.5
8081,30.0
8082,29.0
8083,28.0
8084,25.0
8085,23.8
8086,22.5
8087,21.8
8088,21.0
8089,19.8
8090,19.5
8091,19.3
8092,19.0
8093,17.0
8094,16.5
8095,16.0
8096,18.5
8097,21.0
8098,23.4
8099,25.0
8100,28.0
8101,27.2
8102,29.0
8103,30.0
8104,30.2
8105,31.0
8106,31.0
8107,28.7
8108,27.0
8109,23.0
8110,22.5
8111,21.0
8112,21.0
8113,20.4
8114,20.0
8115,20.0
8116,19.2
8117,19.0
8118,17.0
8119,17.0
8120,18.0
8121,21.0
8122,23.3
8123,26.0
8124,27.8
8125,29.5
8126,31.0
8127,31.0
8128,31.0
8129,31.0
8130,29.8
8131,28.5
8132,27.2
8133,26.0
8134,25.4
8135,24.0
8136,23.1
8137,22.3
8138,22.0
8139,21.6
8140,21.3
8141,21.6
8142,22.0
8143,22.3
8144,22.7
8145,23.0
8146,24.8
8147,27.0
8148,28.0
8149,28.4
8150,30.0
8151,30.0
8152,30.4
8153,30.0
8154,28.0
8155,26.7
8156,23.0
8157,18.0
8158,18.0
8159,20.0
8160,21.0
8161,20.6
8162,21.0
8163,20.0
8164,20.0
8165,19.0
8166,19.0
8167,20.0
8168,20.0
8169,19.0
8170,19.4
8171,20.0
8172,21.0
8173,21.2
8174,21.0
8175,22.0
8176,23.2
8177,25.0
8178,24.9
8179,24.7
8180,23.0
8181,21.0
8182,20.1
8183,20.0
8184,20.0
8185,19.5
8186,20.0
8187,19.7
8188,19.3
8189,19.0
8190,18.8
8191,18.5
8192,18.0
8193,19.0
8194,20.0
8195,20.6
8196,21.1
8197,21.7
8198,22.0
8199,23.0
8200,23.8
8201,25.0
8202,24.0
8203,24.0
8204,23.0
8205,23.0
8206,21.0
8207,21.0
8208,20.0
8209,18.7
8210,18.0
8211,18.0
8212,18.0
8213,18.0
8214,18.0
8215,18.2
8216,18.0
8217,19.0
8218,20.6
8219,22.0
8220,22.8
8221,23.5
8222,24.0
8223,25.4
8224,26.7
8225,27.0
8226,26.0
8227,24.9
8228,23.0
8229,22.3
8230,21.6
8231,21.3
8232,21.0
8233,20.5
8234,20.0
8235,20.1
8236,20.3
8237,20.0
8238,20.1
8239,20.3
8240,20.6
8241,21.0
8242,22.1
8243,23.0
8244,24.0
8245,25.0
8246,26.0
8247,27.0
8248,27.2
8249,28.0
8250,27.0
8251,24.5
8252,21.0
8253,20.0
8254,20.5
8255,20.0
8256,20.0
8257,20.0
8258,20.0
8259,19.0
8260,18.6
8261,18.0
8262,18.0
8263,17.6
8264,18.0
8265,21.0
8266,22.5
8267,23.7
8268,24.8
8269,26.0
8270,27.0
8271,28.0
8272,27.8
8273,28.0
8274,27.0
8275,25.5
8276,25.0
8277,24.0
8278,22.8
8279,23.0
8280,23.0
8281,22.0
8282,22.0
8283,21.0
8284,21.3
8285,21.0
8286,20.0
8287,20.0
8288,19.0
8289,20.0
8290,22.4
8291,24.0
8292,26.0
8293,26.2
8294,28.0
8295,28.0
8296,28.3
8297,28.0
8298,28.0
8299,28.2
8300,23.0
8301,23.0
8302,22.0
8303,21.0
8304,21.0
8305,20.3
8306,20.0
8307,20.0
8308,18.5
8309,19.0
8310,18.8
8311,18.5
8312,17.0
8313,21.0
8314,23.9
8315,25.0
8316,26.0
8317,27.0
8318,28.0
8319,29.0
8320,30.0
8321,31.0
8322,31.0
8323,28.5
8324,26.0
8325,25.0
8326,24.5
8327,24.0
8328,23.0
8329,22.5
8330,22.0
8331,21.0
8332,20.5
8333,20.0
8334,18.0
8335,17.5
8336,17.0
8337,20.0
8338,23.4
8339,26.0
8340,27.0
8341,29.1
8342,30.0
8343,31.0
8344,31.0
8345,30.0
8346,31.0
8347,30.0
8348,27.0
8349,26.8
8350,26.6
8351,25.0
8352,22.0
8353,22.3
8354,21.6
8355,21.0
8356,21.0
8357,20.0
8358,18.0
8359,20.0
8360,20.0
8361,22.0
8362,26.0
8363,27.0
8364,27.0
8365,28.5
8366,30.0
8367,31.0
8368,30.7
8369,31.0
8370,31.0
8371,29.8
8372,28.0
8373,27.0
8374,26.4
8375,25.0
8376,23.0
8377,21.8
8378,22.0
8379,20.0
8380,21.5
8381,21.0
8382,20.0
8383,18.8
8384,18.0
8385,20.0
8386,23.1
8387,25.0
8388,28.0
8389,29.4
8390,29.0
8391,29.0
8392,29.0
8393,31.0
8394,30.0
8395,30.2
8396,27.0
8397,25.0
8398,23.2
8399,22.0
8400,21.0
8401,20.6
8402,20.0
8403,20.0
8404,19.0
8405,19.0
8406,18.0
8407,17.2
8408,17.0
8409,21.0
8410,23.2
8411,25.0
8412,28.0
8413,30.1
8414,31.0
8415,31.0
8416,31.8
8417,32.0
8418,32.0
8419,30.5
8420,28.0
8421,25.6
8422,23.2
8423,24.0
8424,23.0
8425,22.0
8426,20.0
8427,19.4
8428,18.7
8429,18.0
8430,17.5
8431,17.1
8432,18.0
8433,21.0
8434,24.0
8435,26.0
8436,27.9
8437,29.7
8438,31.0
8439,31.5
8440,32.0
8441,31.2
8442,30.4
8443,29.6
8444,27.3
8445,25.0
8446,25.0
8447,24.0
8448,24.0
8449,23.6
8450,24.0
8451,23.0
8452,22.3
8453,21.0
8454,21.0
8455,19.0
8456,19.0
8457,20.0
8458,24.0
8459,25.0
8460,28.0
8461,29.0
8462,29.0
8463,31.0
8464,31.0
8465,32.0
8466,30.0
8467,29.0
8468,27.0
8469,27.0
8470,25.5
8471,23.0
8472,23.0
8473,22.1
8474,22.0
8475,21.0
8476,20.0
8477,19.0
8478,18.0
8479,17.1
8480,17.0
8481,20.0
8482,24.0
8483,25.7
8484,27.3
8485,29.0
8486,30.0
8487,31.0
8488,31.9
8489,30.5
8490,29.2
8491,27.8
8492,26.0
8493,25.4
8494,24.7
8495,23.0
8496,21.7
8497,20.4
8498,20.1
8499,19.7
8500,19.4
8501,20.0
8502,20.6
8503,21.1
8504,21.7
8505,22.3
8506,22.9
8507,26.0
8508,27.0
8509,27.5
8510,28.0
8511,29.0
8512,29.0
8513,28.0
8514,27.0
8515,20.3
8516,25.0
8517,24.0
8518,24.0
8519,23.0
8520,23.0
8521,21.6
8522,21.0
8523,20.0
8524,20.3
8525,21.0
8526,21.0
8527,19.5
8528,19.0
8529,21.0
8530,23.0
8531,25.0
8532,27.0
8533,28.1
8534,27.0
8535,29.0
8536,30.0
8537,29.0
8538,28.0
8539,28.0
8540,26.0
8541,25.0
8542,25.0
8543,24.0
8544,23.0
8545,22.5
8546,22.0
8547,21.3
8548,20.7
8549,20.0
8550,19.7
8551,19.3
8552,19.0
8553,21.0
8554,23.6
8555,26.0
8556,27.0
8557,27.0
8558,29.0
8559,29.0
8560,30.0
8561,30.0
8562,27.2
8563,24.5
8564,24.0
8565,23.1
8566,22.3
8567,21.0
8568,20.7
8569,20.4
8570,20.0
8571,20.0
8572,19.8
8573,19.0
8574,19.0
8575,18.3
8576,19.0
8577,20.0
8578,23.7
8579,25.0
8580,27.0
8581,27.4
8582,29.0
8583,29.0
8584,28.0
8585,28.0
8586,27.0
8587,24.7
8588,24.0
8589,20.0
8590,18.4
8591,19.0
8592,18.8
8593,18.6
8594,18.4
8595,18.2
8596,18.0
8597,18.0
8598,18.0
8599,18.0
8600,18.0
8601,18.0
8602,22.9
8603,24.2
8604,25.6
8605,26.9
8606,27.1
8607,27.3
8608,27.5
8609,25.4
8610,23.3
8611,21.2
8612,23.0
8613,21.5
8614,19.9
8615,19.6
8616,19.2
8617,18.9
8618,19.0
8619,18.9
8620,18.8
8621,19.0
8622,18.5
8623,18.0
8624,19.9
8625,21.9
8626,23.8
8627,24.0
8628,26.0
8629,27.0
8630,28.0
8631,28.0
8632,28.7
8633,28.0
8634,28.0
8635,26.0
8636,24.5
8637,23.0
8638,16.4
8639,17.0
8640,17.5
8641,18.0
8642,18.0
8643,17.8
8644,17.6
8645,18.0
8646,18.0
8647,17.0
8648,18.5
8649,20.0
8650,23.8
8651,25.0
8652,26.0
8653,26.6
8654,28.0
8655,29.0
8656,29.5
8657,30.0
8658,30.0
8659,27.0
8660,26.0
8661,24.6
8662,23.2
8663,23.0
8664,22.0
8665,21.1
8666,20.0
8667,20.0
8668,20.2
8669,20.0
8670,20.0
8671,19.8
8672,20.0
8673,21.0
8674,23.0
8675,23.5
8676,24.0
8677,26.0
8678,26.0
8679,27.0
8680,22.2
8681,28.0
8682,21.6
8683,25.5
8684,23.0
8685,23.0
8686,22.0
8687,22.0
8688,21.5
8689,21.0
8690,21.0
8691,17.1
8692,20.0
8693,19.8
8694,19.5
8695,19.2
8696,19.0
8697,20.0
8698,21.0
8699,24.0
8700,25.0
8701,25.8
8702,27.0
8703,27.0
8704,27.5
8705,28.0
8706,26.0
8707,25.4
8708,25.0
8709,23.0
8710,21.9
8711,22.0
8712,22.0
8713,22.1
8714,22.2
8715,22.2
8716,20.4
8717,20.0
8718,19.7
8719,19.4
8720,19.0
8721,21.0
8722,22.2
8723,25.0
8724,26.0
8725,26.5
8726,27.0
8727,29.0
8728,27.9
8729,29.0
8730,28.0
8731,27.0
8732,25.0
8733,23.0
8734,22.0
8735,20.0
8736,21.0
8737,21.0
8738,22.0
8739,20.0
8740,21.0
8741,21.0
8742,20.0
8743,20.0
8744,20.0
8745,21.0
8746,21.5
8747,23.0
8748,25.0
8749,25.8
8750,27.0
8751,28.0
8752,27.8
8753,29.0
8754,29.0
8755,28.6
8756,27.0
8757,26.0
8758,25.0
8759,24.0
8760,24.0
