Periods,Solar PV
1,0
2,0
3,0
4,0
5,0
6,0
7,0
8,0
9,3670
10,8520
11,13140
12,16270
13,18270
14,18920
15,18260
16,16210
17,12940
18,8520
19,3610
20,0
21,0
22,0
23,0
24,0
25,0
26,0
27,0
28,0
29,0
30,0
31,0
32,0
33,3560
34,8440
35,12920
36,16150
37,18290
38,18930
39,18340
40,16350
41,13080
42,8570
43,3650
44,0
45,0
46,0
47,0
48,0
49,0
50,0
51,0
52,0
53,0
54,0
55,0
56,0
57,3420
58,8190
59,12620
60,16100
61,18160
62,18950
63,18390
64,16240
65,13060
66,8620
67,3710
68,0
69,0
70,0
71,0
72,0
73,0
74,0
75,0
76,0
77,0
78,0
79,0
80,0
81,1760
82,6080
83,12680
84,16080
85,18100
86,17560
87,17760
88,5050
89,13040
90,8710
91,3780
92,0
93,0
94,0
95,0
96,0
97,0
98,0
99,0
100,0
101,0
102,0
103,0
104,0
105,3160
106,7870
107,12580
108,15980
109,17850
110,18280
111,16510
112,15580
113,13180
114,8770
115,3770
116,0
117,0
118,0
119,0
120,0
121,0
122,0
123,0
124,0
125,0
126,0
127,0
128,0
129,1510
130,5720
131,12530
132,15860
133,18180
134,15840
135,10910
136,15510
137,13000
138,8600
139,3770
140,0
141,0
142,0
143,0
144,0
145,0
146,0
147,0
148,0
149,0
150,0
151,0
152,0
153,3240
154,7990
155,12570
156,15950
157,16570
158,18000
159,17220
160,16370
161,13040
162,9230
163,3830
164,0
165,0
166,0
167,0
168,0
169,0
170,0
171,0
172,0
173,0
174,0
175,0
176,0
177,2140
178,2090
179,4680
180,14510
181,17250
182,17010
183,15580
184,16550
185,12830
186,8760
187,3870
188,0
189,0
190,0
191,0
192,0
193,0
194,0
195,0
196,0
197,0
198,0
199,0
200,0
201,1690
202,6900
203,10940
204,15380
205,18040
206,19050
207,18410
208,16490
209,13290
210,7230
211,3980
212,0
213,0
214,0
215,0
216,0
217,0
218,0
219,0
220,0
221,0
222,0
223,0
224,0
225,350
226,5440
227,8940
228,15490
229,17350
230,15770
231,16680
232,5790
233,7700
234,8940
235,3280
236,0
237,0
238,0
239,0
240,0
241,0
242,0
243,0
244,0
245,0
246,0
247,0
248,0
249,350
250,970
251,11080
252,13920
253,15990
254,18690
255,18060
256,13050
257,13240
258,8970
259,3990
260,0
261,0
262,0
263,0
264,0
265,0
266,0
267,0
268,0
269,0
270,0
271,0
272,0
273,3270
274,4450
275,12640
276,15320
277,15040
278,14670
279,12740
280,16520
281,6450
282,4820
283,3820
284,0
285,0
286,0
287,0
288,0
289,0
290,0
291,0
292,0
293,0
294,0
295,0
296,0
297,370
298,3040
299,8780
300,15160
301,17400
302,15480
303,16300
304,16460
305,13490
306,9000
307,1440
308,0
309,0
310,0
311,0
312,0
313,0
314,0
315,0
316,0
317,0
318,0
319,0
320,0
321,1360
322,1900
323,10500
324,13050
325,12000
326,11120
327,18550
328,16730
329,12890
330,9530
331,480
332,0
333,0
334,0
335,0
336,0
337,0
338,0
339,0
340,0
341,0
342,0
343,0
344,0
345,330
346,4970
347,12440
348,16010
349,17620
350,15500
351,17310
352,1790
353,10670
354,9140
355,3690
356,0
357,0
358,0
359,0
360,0
361,0
362,0
363,0
364,0
365,0
366,0
367,0
368,0
369,3100
370,7790
371,12760
372,16350
373,18440
374,19380
375,18700
376,16980
377,13810
378,9400
379,4260
380,0
381,0
382,0
383,0
384,0
385,0
386,0
387,0
388,0
389,0
390,0
391,0
392,0
393,3270
394,8140
395,12680
396,16020
397,18520
398,19540
399,18920
400,17080
401,13880
402,9460
403,4340
404,0
405,0
406,0
407,0
408,0
409,0
410,0
411,0
412,0
413,0
414,0
415,0
416,0
417,3120
418,8050
419,12810
420,16440
421,18660
422,19560
423,18650
424,17000
425,13900
426,9760
427,4500
428,0
429,0
430,0
431,0
432,0
433,0
434,0
435,0
436,0
437,0
438,0
439,0
440,0
441,2930
442,8140
443,12770
444,16250
445,18590
446,19050
447,17800
448,16750
449,13800
450,9390
451,4360
452,0
453,0
454,0
455,0
456,0
457,0
458,0
459,0
460,0
461,0
462,0
463,0
464,0
465,650
466,8000
467,12740
468,14650
469,13880
470,18140
471,18770
472,16960
473,13910
474,9390
475,4540
476,0
477,0
478,0
479,0
480,0
481,0
482,0
483,0
484,0
485,0
486,0
487,0
488,0
489,2960
490,7580
491,12740
492,16250
493,18450
494,19320
495,18910
496,17120
497,13970
498,9490
499,4480
500,0
501,0
502,0
503,0
504,0
505,0
506,0
507,0
508,0
509,0
510,0
511,0
512,0
513,3080
514,8210
515,12900
516,16560
517,18750
518,19630
519,18960
520,17170
521,14050
522,9610
523,4550
524,0
525,0
526,0
527,0
528,0
529,0
530,0
531,0
532,0
533,0
534,0
535,0
536,0
537,2850
538,7990
539,12830
540,16280
541,18570
542,19480
543,15160
544,15580
545,11640
546,4400
547,3600
548,0
549,0
550,0
551,0
552,0
553,0
554,0
555,0
556,0
557,0
558,0
559,0
560,0
561,2810
562,5690
563,12130
564,15930
565,18330
566,19210
567,18830
568,16820
569,13640
570,7680
571,4720
572,0
573,0
574,0
575,0
576,0
577,0
578,0
579,0
580,0
581,0
582,0
583,0
584,0
585,300
586,1600
587,10940
588,15150
589,16780
590,18390
591,18320
592,16890
593,13400
594,5770
595,920
596,0
597,0
598,0
599,0
600,0
601,0
602,0
603,0
604,0
605,0
606,0
607,0
608,0
609,900
610,830
611,1310
612,4240
613,7980
614,9410
615,15560
616,16080
617,6790
618,3520
619,3380
620,0
621,0
622,0
623,0
624,0
625,0
626,0
627,0
628,0
629,0
630,0
631,0
632,0
633,1990
634,3730
635,10470
636,15310
637,18820
638,19760
639,19290
640,17500
641,14310
642,9690
643,4410
644,0
645,0
646,0
647,0
648,0
649,0
650,0
651,0
652,0
653,0
654,0
655,0
656,0
657,1440
658,8050
659,12250
660,16220
661,18530
662,19320
663,19040
664,17280
665,14020
666,9100
667,530
668,0
669,0
670,0
671,0
672,0
673,0
674,0
675,0
676,0
677,0
678,0
679,0
680,0
681,860
682,4610
683,11150
684,16030
685,18590
686,16760
687,17750
688,16870
689,13270
690,8610
691,800
692,0
693,0
694,0
695,0
696,0
697,0
698,0
699,0
700,0
701,0
702,0
703,0
704,0
705,1410
706,8330
707,13080
708,16590
709,18970
710,19850
711,19580
712,17640
713,14440
714,9820
715,3200
716,0
717,0
718,0
719,0
720,0
721,0
722,0
723,0
724,0
725,0
726,0
727,0
728,0
729,2160
730,7020
731,11050
732,13450
733,18550
734,19410
735,19320
736,17580
737,14090
738,9180
739,2710
740,0
741,0
742,0
743,0
744,0
745,0
746,0
747,0
748,0
749,0
750,0
751,0
752,190
753,1230
754,3200
755,10300
756,11410
757,5440
758,16990
759,17110
760,16150
761,11330
762,1410
763,830
764,0
765,0
766,0
767,0
768,0
769,0
770,0
771,0
772,0
773,0
774,0
775,0
776,210
777,2600
778,8800
779,13470
780,17470
781,15320
782,18160
783,17350
784,16230
785,12350
786,8190
787,3080
788,0
789,0
790,0
791,0
792,0
793,0
794,0
795,0
796,0
797,0
798,0
799,0
800,210
801,3710
802,9470
803,10090
804,16630
805,19060
806,18130
807,17520
808,15270
809,12100
810,4910
811,2290
812,0
813,0
814,0
815,0
816,0
817,0
818,0
819,0
820,0
821,0
822,0
823,0
824,260
825,3750
826,8460
827,13490
828,17500
829,19110
830,19720
831,17360
832,14900
833,11230
834,6350
835,1770
836,0
837,0
838,0
839,0
840,0
841,0
842,0
843,0
844,0
845,0
846,0
847,0
848,230
849,4900
850,10190
851,14780
852,17920
853,19770
854,20100
855,18950
856,14600
857,12010
858,3640
859,2210
860,0
861,0
862,0
863,0
864,0
865,0
866,0
867,0
868,0
869,0
870,0
871,0
872,260
873,4860
874,10160
875,14710
876,17880
877,19730
878,20070
879,19110
880,16830
881,13190
882,8490
883,3220
884,0
885,0
886,0
887,0
888,0
889,0
890,0
891,0
892,0
893,0
894,0
895,0
896,210
897,4790
898,10070
899,14580
900,17810
901,19670
902,20040
903,19160
904,16910
905,13120
906,5730
907,3390
908,0
909,0
910,0
911,0
912,0
913,0
914,0
915,0
916,0
917,0
918,0
919,0
920,160
921,4460
922,9860
923,14110
924,17670
925,19550
926,20120
927,19130
928,16860
929,13190
930,8070
931,3070
932,0
933,0
934,0
935,0
936,0
937,0
938,0
939,0
940,0
941,0
942,0
943,0
944,230
945,4590
946,9910
947,14420
948,17790
949,19830
950,20180
951,19210
952,17000
953,13270
954,8490
955,3300
956,0
957,0
958,0
959,0
960,0
961,0
962,0
963,0
964,0
965,0
966,0
967,0
968,140
969,4460
970,9840
971,14430
972,17650
973,19760
974,20110
975,19240
976,16990
977,13360
978,8530
979,3350
980,0
981,0
982,0
983,0
984,0
985,0
986,0
987,0
988,0
989,0
990,0
991,0
992,70
993,1220
994,6550
995,11920
996,16620
997,19500
998,19850
999,18510
1000,16410
1001,12900
1002,6550
1003,1980
1004,0
1005,0
1006,0
1007,0
1008,0
1009,0
1010,0
1011,0
1012,0
1013,0
1014,0
1015,0
1016,20
1017,4120
1018,9130
1019,14390
1020,17160
1021,18060
1022,18740
1023,18250
1024,15350
1025,12350
1026,7710
1027,3050
1028,0
1029,0
1030,0
1031,0
1032,0
1033,0
1034,0
1035,0
1036,0
1037,0
1038,0
1039,0
1040,230
1041,2710
1042,9880
1043,14300
1044,16810
1045,19050
1046,18840
1047,18470
1048,16550
1049,7290
1050,4840
1051,2380
1052,0
1053,0
1054,0
1055,0
1056,0
1057,0
1058,0
1059,0
1060,0
1061,0
1062,0
1063,0
1064,190
1065,4320
1066,9390
1067,10450
1068,13900
1069,18750
1070,19450
1071,19710
1072,17160
1073,13500
1074,9000
1075,2450
1076,0
1077,0
1078,0
1079,0
1080,0
1081,0
1082,0
1083,0
1084,0
1085,0
1086,0
1087,0
1088,120
1089,4890
1090,10390
1091,15020
1092,17800
1093,19590
1094,20320
1095,19660
1096,17220
1097,13590
1098,8790
1099,3440
1100,0
1101,0
1102,0
1103,0
1104,0
1105,0
1106,0
1107,0
1108,0
1109,0
1110,0
1111,0
1112,210
1113,4830
1114,10180
1115,14590
1116,17510
1117,19350
1118,19380
1119,18480
1120,17000
1121,13380
1122,8310
1123,3520
1124,0
1125,0
1126,0
1127,0
1128,0
1129,0
1130,0
1131,0
1132,0
1133,0
1134,0
1135,0
1136,160
1137,3980
1138,9610
1139,14250
1140,17830
1141,19520
1142,20180
1143,19080
1144,14760
1145,12520
1146,8120
1147,3070
1148,0
1149,0
1150,0
1151,0
1152,0
1153,0
1154,0
1155,0
1156,0
1157,0
1158,0
1159,0
1160,230
1161,5010
1162,10370
1163,14920
1164,17830
1165,20060
1166,19990
1167,19400
1168,17220
1169,13490
1170,8680
1171,3380
1172,0
1173,0
1174,0
1175,0
1176,0
1177,0
1178,0
1179,0
1180,0
1181,0
1182,0
1183,0
1184,90
1185,0
1186,0
1187,14850
1188,18190
1189,20120
1190,20660
1191,19640
1192,17360
1193,13650
1194,8750
1195,3450
1196,0
1197,0
1198,0
1199,0
1200,0
1201,0
1202,0
1203,0
1204,0
1205,0
1206,0
1207,0
1208,210
1209,4750
1210,9600
1211,14650
1212,14520
1213,19520
1214,19950
1215,19070
1216,17310
1217,13660
1218,8740
1219,3570
1220,0
1221,0
1222,0
1223,0
1224,0
1225,0
1226,0
1227,0
1228,0
1229,0
1230,0
1231,0
1232,260
1233,3860
1234,9780
1235,13110
1236,15530
1237,17550
1238,19180
1239,18900
1240,16440
1241,13190
1242,7420
1243,3420
1244,0
1245,0
1246,0
1247,0
1248,0
1249,0
1250,0
1251,0
1252,0
1253,0
1254,0
1255,0
1256,190
1257,4960
1258,10360
1259,15120
1260,18110
1261,20010
1262,19910
1263,19560
1264,17270
1265,13570
1266,8750
1267,3420
1268,0
1269,0
1270,0
1271,0
1272,0
1273,0
1274,0
1275,0
1276,0
1277,0
1278,0
1279,0
1280,210
1281,4920
1282,10550
1283,15140
1284,18410
1285,20360
1286,20690
1287,19600
1288,17240
1289,13660
1290,8830
1291,3490
1292,0
1293,0
1294,0
1295,0
1296,0
1297,0
1298,0
1299,0
1300,0
1301,0
1302,0
1303,0
1304,190
1305,4520
1306,10560
1307,14890
1308,18360
1309,19650
1310,19950
1311,19130
1312,17200
1313,13430
1314,8580
1315,3450
1316,0
1317,0
1318,0
1319,0
1320,0
1321,0
1322,0
1323,0
1324,0
1325,0
1326,0
1327,0
1328,260
1329,5200
1330,10660
1331,15200
1332,18530
1333,20390
1334,20620
1335,19620
1336,17090
1337,13410
1338,8480
1339,3180
1340,0
1341,0
1342,0
1343,0
1344,0
1345,0
1346,0
1347,0
1348,0
1349,0
1350,0
1351,0
1352,280
1353,5270
1354,10620
1355,15090
1356,18540
1357,20090
1358,20400
1359,19330
1360,16980
1361,12930
1362,8320
1363,3030
1364,0
1365,0
1366,0
1367,0
1368,0
1369,0
1370,0
1371,0
1372,0
1373,0
1374,0
1375,0
1376,280
1377,5320
1378,10740
1379,15270
1380,18080
1381,20380
1382,20680
1383,19660
1384,17290
1385,13550
1386,8590
1387,2980
1388,0
1389,0
1390,0
1391,0
1392,0
1393,0
1394,0
1395,0
1396,0
1397,0
1398,0
1399,0
1400,280
1401,5370
1402,10810
1403,15370
1404,18550
1405,20490
1406,20810
1407,19730
1408,17380
1409,13540
1410,8570
1411,3420
1412,0
1413,0
1414,0
1415,0
1416,0
1417,0
1418,0
1419,0
1420,0
1421,0
1422,0
1423,0
1424,210
1425,3980
1426,10670
1427,15290
1428,18380
1429,20170
1430,20510
1431,19500
1432,17200
1433,12990
1434,2160
1435,1190
1436,0
1437,0
1438,0
1439,0
1440,0
1441,0
1442,0
1443,0
1444,0
1445,0
1446,0
1447,0
1448,280
1449,4760
1450,10400
1451,14950
1452,18170
1453,19910
1454,20130
1455,19240
1456,16960
1457,13180
1458,7870
1459,320
1460,0
1461,0
1462,0
1463,0
1464,0
1465,0
1466,0
1467,0
1468,0
1469,0
1470,0
1471,0
1472,230
1473,4130
1474,8410
1475,14890
1476,18140
1477,20000
1478,20160
1479,19290
1480,17220
1481,12690
1482,8190
1483,2710
1484,0
1485,0
1486,0
1487,0
1488,0
1489,0
1490,0
1491,0
1492,0
1493,0
1494,0
1495,0
1496,50
1497,5120
1498,10650
1499,15270
1500,18620
1501,20270
1502,20760
1503,19730
1504,17320
1505,13540
1506,8760
1507,3340
1508,0
1509,0
1510,0
1511,0
1512,0
1513,0
1514,0
1515,0
1516,0
1517,0
1518,0
1519,0
1520,300
1521,5550
1522,10800
1523,15300
1524,18530
1525,20340
1526,20700
1527,19660
1528,17190
1529,13310
1530,8460
1531,1780
1532,0
1533,0
1534,0
1535,0
1536,0
1537,0
1538,0
1539,0
1540,0
1541,0
1542,0
1543,0
1544,250
1545,5330
1546,10690
1547,15280
1548,18570
1549,20210
1550,20600
1551,19590
1552,17130
1553,13360
1554,8510
1555,2730
1556,0
1557,0
1558,0
1559,0
1560,0
1561,0
1562,0
1563,0
1564,0
1565,0
1566,0
1567,0
1568,250
1569,5100
1570,10630
1571,14000
1572,18060
1573,19840
1574,20350
1575,19100
1576,16010
1577,11940
1578,6850
1579,3190
1580,0
1581,0
1582,0
1583,0
1584,0
1585,0
1586,0
1587,0
1588,0
1589,0
1590,0
1591,0
1592,50
1593,510
1594,1060
1595,0
1596,2720
1597,7220
1598,8220
1599,12230
1600,13460
1601,11980
1602,7890
1603,2020
1604,0
1605,0
1606,0
1607,0
1608,0
1609,0
1610,0
1611,0
1612,0
1613,0
1614,0
1615,0
1616,120
1617,3720
1618,5520
1619,0
1620,3510
1621,5680
1622,3520
1623,7620
1624,6200
1625,3920
1626,3660
1627,1700
1628,0
1629,0
1630,0
1631,0
1632,0
1633,0
1634,0
1635,0
1636,0
1637,0
1638,0
1639,0
1640,90
1641,4640
1642,3180
1643,7210
1644,10330
1645,15480
1646,19690
1647,19310
1648,16200
1649,13410
1650,8610
1651,3280
1652,0
1653,0
1654,0
1655,0
1656,0
1657,0
1658,0
1659,0
1660,0
1661,0
1662,0
1663,0
1664,350
1665,5550
1666,8470
1667,12700
1668,17860
1669,19920
1670,20880
1671,19850
1672,17450
1673,13600
1674,8750
1675,3270
1676,0
1677,0
1678,0
1679,0
1680,0
1681,0
1682,0
1683,0
1684,0
1685,0
1686,0
1687,0
1688,370
1689,5760
1690,11180
1691,13680
1692,18740
1693,20630
1694,21060
1695,19970
1696,17380
1697,13510
1698,8760
1699,3280
1700,0
1701,0
1702,0
1703,0
1704,0
1705,0
1706,0
1707,0
1708,0
1709,0
1710,0
1711,0
1712,390
1713,5840
1714,11300
1715,14850
1716,18430
1717,20730
1718,21150
1719,20150
1720,17500
1721,13700
1722,8870
1723,3310
1724,0
1725,0
1726,0
1727,0
1728,0
1729,0
1730,0
1731,0
1732,0
1733,0
1734,0
1735,0
1736,390
1737,5790
1738,11230
1739,15570
1740,19170
1741,20770
1742,21000
1743,20000
1744,17350
1745,13510
1746,8640
1747,3290
1748,0
1749,0
1750,0
1751,0
1752,0
1753,0
1754,0
1755,0
1756,0
1757,0
1758,0
1759,0
1760,420
1761,5930
1762,11390
1763,15560
1764,18950
1765,20770
1766,21080
1767,19960
1768,17210
1769,13520
1770,8720
1771,3310
1772,0
1773,0
1774,0
1775,0
1776,0
1777,0
1778,0
1779,0
1780,0
1781,0
1782,0
1783,0
1784,300
1785,5800
1786,11230
1787,15520
1788,18910
1789,20560
1790,20880
1791,19820
1792,17240
1793,13570
1794,8720
1795,3260
1796,0
1797,0
1798,0
1799,0
1800,0
1801,0
1802,0
1803,0
1804,0
1805,0
1806,0
1807,0
1808,370
1809,5590
1810,10940
1811,14820
1812,18830
1813,20790
1814,20950
1815,15960
1816,17130
1817,13610
1818,8580
1819,960
1820,0
1821,0
1822,0
1823,0
1824,0
1825,0
1826,0
1827,0
1828,0
1829,0
1830,0
1831,0
1832,70
1833,5690
1834,9210
1835,14460
1836,18700
1837,18110
1838,19750
1839,15970
1840,15510
1841,4480
1842,1350
1843,1540
1844,0
1845,0
1846,0
1847,0
1848,0
1849,0
1850,0
1851,0
1852,0
1853,0
1854,0
1855,0
1856,350
1857,4600
1858,10840
1859,14980
1860,18540
1861,20150
1862,20760
1863,19470
1864,16920
1865,13180
1866,1800
1867,2260
1868,0
1869,0
1870,0
1871,0
1872,0
1873,0
1874,0
1875,0
1876,0
1877,0
1878,0
1879,0
1880,140
1881,4910
1882,10550
1883,1550
1884,18630
1885,20620
1886,20700
1887,19660
1888,17050
1889,13140
1890,7950
1891,2880
1892,0
1893,0
1894,0
1895,0
1896,0
1897,0
1898,0
1899,0
1900,0
1901,0
1902,0
1903,0
1904,140
1905,4450
1906,10880
1907,15570
1908,16430
1909,19430
1910,20000
1911,17460
1912,11750
1913,13290
1914,8440
1915,1380
1916,0
1917,0
1918,0
1919,0
1920,0
1921,0
1922,0
1923,0
1924,0
1925,0
1926,0
1927,0
1928,70
1929,3860
1930,2830
1931,14800
1932,17450
1933,20310
1934,20940
1935,19870
1936,17250
1937,13430
1938,8440
1939,2440
1940,0
1941,0
1942,0
1943,0
1944,0
1945,0
1946,0
1947,0
1948,0
1949,0
1950,0
1951,0
1952,70
1953,1100
1954,4510
1955,13490
1956,18360
1957,18690
1958,20030
1959,17970
1960,16370
1961,13480
1962,8340
1963,2750
1964,0
1965,0
1966,0
1967,0
1968,0
1969,0
1970,0
1971,0
1972,0
1973,0
1974,0
1975,0
1976,490
1977,5960
1978,11150
1979,15720
1980,18550
1981,19670
1982,19460
1983,19110
1984,14490
1985,13400
1986,8460
1987,2980
1988,0
1989,0
1990,0
1991,0
1992,0
1993,0
1994,0
1995,0
1996,0
1997,0
1998,0
1999,0
2000,560
2001,6190
2002,11500
2003,14990
2004,19050
2005,20760
2006,20900
2007,19640
2008,17290
2009,13490
2010,8490
2011,2930
2012,0
2013,0
2014,0
2015,0
2016,0
2017,0
2018,0
2019,0
2020,0
2021,0
2022,0
2023,0
2024,530
2025,6120
2026,11300
2027,15690
2028,19370
2029,20880
2030,21020
2031,19760
2032,17220
2033,13440
2034,8590
2035,2990
2036,0
2037,0
2038,0
2039,0
2040,0
2041,0
2042,0
2043,0
2044,0
2045,0
2046,0
2047,0
2048,420
2049,4960
2050,10500
2051,14630
2052,17790
2053,19850
2054,20520
2055,19190
2056,16780
2057,12870
2058,8040
2059,2190
2060,0
2061,0
2062,0
2063,0
2064,0
2065,0
2066,0
2067,0
2068,0
2069,0
2070,0
2071,0
2072,440
2073,4910
2074,10550
2075,14770
2076,18650
2077,19510
2078,20560
2079,19640
2080,17160
2081,13310
2082,8010
2083,2480
2084,0
2085,0
2086,0
2087,0
2088,0
2089,0
2090,0
2091,0
2092,0
2093,0
2094,0
2095,0
2096,560
2097,5840
2098,11310
2099,15080
2100,18900
2101,20440
2102,20480
2103,19620
2104,17050
2105,13570
2106,8390
2107,2900
2108,0
2109,0
2110,0
2111,0
2112,0
2113,0
2114,0
2115,0
2116,0
2117,0
2118,0
2119,0
2120,70
2121,1350
2122,5150
2123,11340
2124,17820
2125,19790
2126,20020
2127,19080
2128,16740
2129,12410
2130,7410
2131,1950
2132,0
2133,0
2134,0
2135,0
2136,0
2137,0
2138,0
2139,0
2140,0
2141,0
2142,0
2143,0
2144,210
2145,4280
2146,8870
2147,14630
2148,18050
2149,12930
2150,14180
2151,12080
2152,13080
2153,8640
2154,5640
2155,2050
2156,0
2157,0
2158,0
2159,0
2160,0
2161,0
2162,0
2163,0
2164,0
2165,0
2166,0
2167,0
2168,600
2169,6520
2170,12010
2171,16440
2172,19720
2173,21130
2174,21230
2175,20050
2176,17440
2177,13460
2178,8330
2179,2780
2180,0
2181,0
2182,0
2183,0
2184,0
2185,0
2186,0
2187,0
2188,0
2189,0
2190,0
2191,0
2192,630
2193,6820
2194,11330
2195,15830
2196,19530
2197,20870
2198,20970
2199,19470
2200,16920
2201,11930
2202,8100
2203,1700
2204,0
2205,0
2206,0
2207,0
2208,0
2209,0
2210,0
2211,0
2212,0
2213,0
2214,0
2215,0
2216,620
2217,5630
2218,11500
2219,16060
2220,19040
2221,20530
2222,20820
2223,19500
2224,17040
2225,13070
2226,8260
2227,1240
2228,0
2229,0
2230,0
2231,0
2232,0
2233,0
2234,0
2235,0
2236,0
2237,0
2238,0
2239,0
2240,670
2241,6700
2242,11780
2243,15950
2244,19580
2245,21140
2246,21360
2247,20060
2248,17620
2249,13530
2250,8510
2251,2850
2252,0
2253,0
2254,0
2255,0
2256,0
2257,0
2258,0
2259,0
2260,0
2261,0
2262,0
2263,0
2264,670
2265,6470
2266,11990
2267,16420
2268,19580
2269,20730
2270,21120
2271,19820
2272,17300
2273,12750
2274,5730
2275,2260
2276,0
2277,0
2278,0
2279,0
2280,0
2281,0
2282,0
2283,0
2284,0
2285,0
2286,0
2287,0
2288,550
2289,6650
2290,11800
2291,16130
2292,19560
2293,20790
2294,21040
2295,19830
2296,17300
2297,13440
2298,8160
2299,2860
2300,0
2301,0
2302,0
2303,0
2304,0
2305,0
2306,0
2307,0
2308,0
2309,0
2310,0
2311,0
2312,490
2313,2940
2314,7510
2315,13130
2316,15070
2317,16080
2318,15650
2319,17880
2320,15230
2321,12890
2322,8160
2323,2740
2324,0
2325,0
2326,0
2327,0
2328,0
2329,0
2330,0
2331,0
2332,0
2333,0
2334,0
2335,0
2336,440
2337,4540
2338,11330
2339,16390
2340,18950
2341,18920
2342,13410
2343,14650
2344,12100
2345,5480
2346,980
2347,2220
2348,0
2349,0
2350,0
2351,0
2352,0
2353,0
2354,0
2355,0
2356,0
2357,0
2358,0
2359,0
2360,720
2361,7010
2362,12240
2363,16700
2364,19800
2365,21160
2366,21300
2367,19740
2368,17300
2369,12270
2370,7920
2371,1770
2372,0
2373,0
2374,0
2375,0
2376,0
2377,0
2378,0
2379,0
2380,0
2381,0
2382,0
2383,0
2384,720
2385,1780
2386,6710
2387,8230
2388,12410
2389,17450
2390,18930
2391,18280
2392,16400
2393,12770
2394,8030
2395,2440
2396,0
2397,0
2398,0
2399,0
2400,0
2401,0
2402,0
2403,0
2404,0
2405,0
2406,0
2407,0
2408,120
2409,3090
2410,9680
2411,15870
2412,12800
2413,14780
2414,19820
2415,18150
2416,17160
2417,13150
2418,8010
2419,930
2420,0
2421,0
2422,0
2423,0
2424,0
2425,0
2426,0
2427,0
2428,0
2429,0
2430,0
2431,0
2432,140
2433,5090
2434,8660
2435,7100
2436,15960
2437,16770
2438,19600
2439,9160
2440,9370
2441,4710
2442,2430
2443,1540
2444,0
2445,0
2446,0
2447,0
2448,0
2449,0
2450,0
2451,0
2452,0
2453,0
2454,0
2455,0
2456,740
2457,5690
2458,11780
2459,15490
2460,19070
2461,20490
2462,21050
2463,19470
2464,17110
2465,13160
2466,7570
2467,2020
2468,0
2469,0
2470,0
2471,0
2472,0
2473,0
2474,0
2475,0
2476,0
2477,0
2478,0
2479,0
2480,740
2481,6710
2482,12030
2483,16340
2484,19360
2485,20820
2486,20950
2487,19460
2488,16750
2489,12680
2490,720
2491,230
2492,0
2493,0
2494,0
2495,0
2496,0
2497,0
2498,0
2499,0
2500,0
2501,0
2502,0
2503,0
2504,530
2505,5830
2506,9410
2507,16310
2508,19060
2509,17420
2510,13750
2511,2410
2512,3970
2513,1230
2514,830
2515,920
2516,0
2517,0
2518,0
2519,0
2520,0
2521,0
2522,0
2523,0
2524,0
2525,0
2526,0
2527,0
2528,370
2529,1390
2530,4040
2531,7350
2532,10910
2533,12090
2534,12070
2535,10440
2536,10280
2537,7060
2538,4460
2539,1420
2540,0
2541,0
2542,0
2543,0
2544,0
2545,0
2546,0
2547,0
2548,0
2549,0
2550,0
2551,0
2552,700
2553,6100
2554,11140
2555,13600
2556,13740
2557,15460
2558,9180
2559,4870
2560,2980
2561,9900
2562,4580
2563,920
2564,0
2565,0
2566,0
2567,0
2568,0
2569,0
2570,0
2571,0
2572,0
2573,0
2574,0
2575,0
2576,350
2577,7210
2578,9830
2579,16640
2580,19500
2581,20920
2582,21020
2583,19610
2584,16940
2585,11630
2586,5070
2587,710
2588,0
2589,0
2590,0
2591,0
2592,0
2593,0
2594,0
2595,0
2596,0
2597,0
2598,0
2599,0
2600,790
2601,7190
2602,11960
2603,15960
2604,14630
2605,7780
2606,17410
2607,17650
2608,15890
2609,12910
2610,7860
2611,1610
2612,0
2613,0
2614,0
2615,0
2616,0
2617,0
2618,0
2619,0
2620,0
2621,0
2622,0
2623,0
2624,580
2625,3390
2626,9380
2627,13970
2628,16720
2629,17250
2630,18570
2631,17560
2632,15280
2633,4500
2634,1260
2635,740
2636,0
2637,0
2638,0
2639,0
2640,0
2641,0
2642,0
2643,0
2644,0
2645,0
2646,0
2647,0
2648,120
2649,1840
2650,2720
2651,12480
2652,19030
2653,17420
2654,17210
2655,9320
2656,10100
2657,9860
2658,3390
2659,930
2660,0
2661,0
2662,0
2663,0
2664,0
2665,0
2666,0
2667,0
2668,0
2669,0
2670,0
2671,0
2672,610
2673,1160
2674,3670
2675,7790
2676,7890
2677,8010
2678,17780
2679,18510
2680,16660
2681,8230
2682,3470
2683,1350
2684,0
2685,0
2686,0
2687,0
2688,0
2689,0
2690,0
2691,0
2692,0
2693,0
2694,0
2695,0
2696,840
2697,5940
2698,12290
2699,16150
2700,18510
2701,19490
2702,19690
2703,19310
2704,16300
2705,13180
2706,8060
2707,1770
2708,0
2709,0
2710,0
2711,0
2712,0
2713,0
2714,0
2715,0
2716,0
2717,0
2718,0
2719,0
2720,120
2721,600
2722,3550
2723,5790
2724,11190
2725,16090
2726,18210
2727,16480
2728,7980
2729,3650
2730,3530
2731,1440
2732,0
2733,0
2734,0
2735,0
2736,0
2737,0
2738,0
2739,0
2740,0
2741,0
2742,0
2743,0
2744,490
2745,2870
2746,10600
2747,14860
2748,17730
2749,15230
2750,20310
2751,18430
2752,1600
2753,1350
2754,3930
2755,1140
2756,0
2757,0
2758,0
2759,0
2760,0
2761,0
2762,0
2763,0
2764,0
2765,0
2766,0
2767,0
2768,860
2769,6060
2770,9110
2771,14700
2772,19100
2773,19130
2774,18660
2775,18930
2776,16780
2777,13160
2778,7860
2779,1450
2780,0
2781,0
2782,0
2783,0
2784,0
2785,0
2786,0
2787,0
2788,0
2789,0
2790,0
2791,0
2792,790
2793,7250
2794,11260
2795,15910
2796,18020
2797,16770
2798,0
2799,19340
2800,16610
2801,12040
2802,3660
2803,180
2804,0
2805,0
2806,0
2807,0
2808,0
2809,0
2810,0
2811,0
2812,0
2813,0
2814,0
2815,0
2816,770
2817,4590
2818,12710
2819,15910
2820,14650
2821,19450
2822,20160
2823,19660
2824,17150
2825,1170
2826,4030
2827,830
2828,0
2829,0
2830,0
2831,0
2832,0
2833,0
2834,0
2835,0
2836,0
2837,0
2838,0
2839,0
2840,510
2841,3970
2842,12580
2843,16380
2844,19460
2845,20260
2846,19840
2847,11140
2848,16390
2849,2910
2850,5220
2851,1530
2852,0
2853,0
2854,0
2855,0
2856,0
2857,0
2858,0
2859,0
2860,0
2861,0
2862,0
2863,0
2864,890
2865,6940
2866,12660
2867,16850
2868,19040
2869,17300
2870,20190
2871,19580
2872,17150
2873,12980
2874,7960
2875,1770
2876,0
2877,0
2878,0
2879,0
2880,0
2881,0
2882,0
2883,0
2884,0
2885,0
2886,0
2887,0
2888,770
2889,3600
2890,11830
2891,16330
2892,17100
2893,19350
2894,19530
2895,18710
2896,15740
2897,10340
2898,6760
2899,180
2900,0
2901,0
2902,0
2903,0
2904,0
2905,0
2906,0
2907,0
2908,0
2909,0
2910,0
2911,0
2912,840
2913,3870
2914,7500
2915,16130
2916,13000
2917,17780
2918,16690
2919,17590
2920,17020
2921,13210
2922,7910
2923,1410
2924,0
2925,0
2926,0
2927,0
2928,0
2929,0
2930,0
2931,0
2932,0
2933,0
2934,0
2935,0
2936,860
2937,5790
2938,12280
2939,15770
2940,17900
2941,18540
2942,20240
2943,19030
2944,16380
2945,10490
2946,850
2947,320
2948,0
2949,0
2950,0
2951,0
2952,0
2953,0
2954,0
2955,0
2956,0
2957,0
2958,0
2959,0
2960,860
2961,7420
2962,12450
2963,16720
2964,19080
2965,20700
2966,20930
2967,19460
2968,13020
2969,1930
2970,820
2971,780
2972,0
2973,0
2974,0
2975,0
2976,0
2977,0
2978,0
2979,0
2980,0
2981,0
2982,0
2983,0
2984,580
2985,2740
2986,12340
2987,16380
2988,19080
2989,20380
2990,19680
2991,18970
2992,16690
2993,12390
2994,1970
2995,250
2996,0
2997,0
2998,0
2999,0
3000,0
3001,0
3002,0
3003,0
3004,0
3005,0
3006,0
3007,0
3008,190
3009,5200
3010,8390
3011,15850
3012,19270
3013,19870
3014,20010
3015,19470
3016,16740
3017,5530
3018,1230
3019,760
3020,0
3021,0
3022,0
3023,0
3024,0
3025,0
3026,0
3027,0
3028,0
3029,0
3030,0
3031,0
3032,140
3033,600
3034,2220
3035,11860
3036,14130
3037,14380
3038,19380
3039,18270
3040,15770
3041,2510
3042,960
3043,810
3044,0
3045,0
3046,0
3047,0
3048,0
3049,0
3050,0
3051,0
3052,0
3053,0
3054,0
3055,0
3056,860
3057,2620
3058,5380
3059,3660
3060,10150
3061,5740
3062,8310
3063,18730
3064,16820
3065,12570
3066,3270
3067,1050
3068,0
3069,0
3070,0
3071,0
3072,0
3073,0
3074,0
3075,0
3076,0
3077,0
3078,0
3079,0
3080,790
3081,1700
3082,3230
3083,10810
3084,17290
3085,13720
3086,12140
3087,18090
3088,15890
3089,12380
3090,7370
3091,2140
3092,0
3093,0
3094,0
3095,0
3096,0
3097,0
3098,0
3099,0
3100,0
3101,0
3102,0
3103,0
3104,880
3105,7050
3106,12120
3107,16430
3108,19020
3109,20510
3110,20930
3111,19180
3112,16770
3113,12720
3114,7710
3115,2320
3116,0
3117,0
3118,0
3119,0
3120,0
3121,0
3122,0
3123,0
3124,0
3125,0
3126,0
3127,0
3128,910
3129,6950
3130,12170
3131,16390
3132,18900
3133,20270
3134,20600
3135,19070
3136,16500
3137,12580
3138,7200
3139,1740
3140,0
3141,0
3142,0
3143,0
3144,0
3145,0
3146,0
3147,0
3148,0
3149,0
3150,0
3151,0
3152,370
3153,2550
3154,7890
3155,16070
3156,18500
3157,20190
3158,20300
3159,18970
3160,16310
3161,12570
3162,7520
3163,2290
3164,0
3165,0
3166,0
3167,0
3168,0
3169,0
3170,0
3171,0
3172,0
3173,0
3174,0
3175,0
3176,230
3177,3760
3178,8790
3179,13770
3180,18690
3181,20060
3182,20380
3183,18750
3184,16210
3185,12360
3186,7500
3187,2200
3188,0
3189,0
3190,0
3191,0
3192,0
3193,0
3194,0
3195,0
3196,0
3197,0
3198,0
3199,0
3200,860
3201,6500
3202,11350
3203,16150
3204,18770
3205,20160
3206,20480
3207,19050
3208,16560
3209,12360
3210,7520
3211,2200
3212,0
3213,0
3214,0
3215,0
3216,0
3217,0
3218,0
3219,0
3220,0
3221,0
3222,0
3223,0
3224,880
3225,6490
3226,11660
3227,15810
3228,18290
3229,19860
3230,19260
3231,18580
3232,15360
3233,11670
3234,7350
3235,2210
3236,0
3237,0
3238,0
3239,0
3240,0
3241,0
3242,0
3243,0
3244,0
3245,0
3246,0
3247,0
3248,840
3249,6090
3250,11710
3251,15990
3252,18390
3253,19740
3254,20400
3255,18970
3256,16660
3257,12600
3258,7580
3259,2270
3260,0
3261,0
3262,0
3263,0
3264,0
3265,0
3266,0
3267,0
3268,0
3269,0
3270,0
3271,0
3272,880
3273,6710
3274,11830
3275,16000
3276,18730
3277,19990
3278,20120
3279,12810
3280,15740
3281,11780
3282,7090
3283,2160
3284,0
3285,0
3286,0
3287,0
3288,0
3289,0
3290,0
3291,0
3292,0
3293,0
3294,0
3295,0
3296,880
3297,6750
3298,11710
3299,16040
3300,18570
3301,20010
3302,20140
3303,18110
3304,15990
3305,11980
3306,5850
3307,340
3308,0
3309,0
3310,0
3311,0
3312,0
3313,0
3314,0
3315,0
3316,0
3317,0
3318,0
3319,0
3320,560
3321,3990
3322,11000
3323,15860
3324,18370
3325,19830
3326,19760
3327,18270
3328,15940
3329,11930
3330,5260
3331,710
3332,0
3333,0
3334,0
3335,0
3336,0
3337,0
3338,0
3339,0
3340,0
3341,0
3342,0
3343,0
3344,790
3345,6440
3346,11590
3347,15780
3348,18250
3349,19920
3350,20060
3351,18560
3352,15780
3353,11740
3354,6930
3355,2190
3356,0
3357,0
3358,0
3359,0
3360,0
3361,0
3362,0
3363,0
3364,0
3365,0
3366,0
3367,0
3368,370
3369,2130
3370,5820
3371,11350
3372,18360
3373,19590
3374,19610
3375,18330
3376,15750
3377,12020
3378,7360
3379,2140
3380,0
3381,0
3382,0
3383,0
3384,0
3385,0
3386,0
3387,0
3388,0
3389,0
3390,0
3391,0
3392,790
3393,2590
3394,9650
3395,15360
3396,18480
3397,19640
3398,18720
3399,18380
3400,15990
3401,12110
3402,7180
3403,1900
3404,0
3405,0
3406,0
3407,0
3408,0
3409,0
3410,0
3411,0
3412,0
3413,0
3414,0
3415,0
3416,860
3417,1960
3418,2110
3419,4960
3420,12540
3421,13750
3422,18840
3423,15040
3424,12740
3425,12090
3426,7610
3427,1990
3428,0
3429,0
3430,0
3431,0
3432,0
3433,0
3434,0
3435,0
3436,0
3437,0
3438,0
3439,0
3440,160
3441,3930
3442,6720
3443,10590
3444,16380
3445,18570
3446,17740
3447,17940
3448,15720
3449,11360
3450,6880
3451,1900
3452,0
3453,0
3454,0
3455,0
3456,0
3457,0
3458,0
3459,0
3460,0
3461,0
3462,0
3463,0
3464,580
3465,860
3466,2090
3467,5080
3468,13330
3469,6090
3470,13620
3471,14870
3472,12520
3473,8800
3474,5620
3475,1090
3476,0
3477,0
3478,0
3479,0
3480,0
3481,0
3482,0
3483,0
3484,0
3485,0
3486,0
3487,0
3488,420
3489,1320
3490,11630
3491,15840
3492,17830
3493,17700
3494,19080
3495,18030
3496,14350
3497,7130
3498,7320
3499,1500
3500,0
3501,0
3502,0
3503,0
3504,0
3505,0
3506,0
3507,0
3508,0
3509,0
3510,0
3511,0
3512,160
3513,580
3514,6140
3515,2880
3516,5960
3517,16530
3518,18830
3519,18630
3520,15150
3521,9630
3522,4780
3523,1920
3524,0
3525,0
3526,0
3527,0
3528,0
3529,0
3530,0
3531,0
3532,0
3533,0
3534,0
3535,0
3536,120
3537,580
3538,1550
3539,6290
3540,12150
3541,14110
3542,13600
3543,16530
3544,15780
3545,11910
3546,2760
3547,1330
3548,0
3549,0
3550,0
3551,0
3552,0
3553,0
3554,0
3555,0
3556,0
3557,0
3558,0
3559,0
3560,190
3561,2360
3562,5670
3563,4440
3564,9860
3565,13660
3566,15820
3567,14830
3568,14560
3569,11750
3570,6660
3571,1170
3572,0
3573,0
3574,0
3575,0
3576,0
3577,0
3578,0
3579,0
3580,0
3581,0
3582,0
3583,0
3584,120
3585,2480
3586,5030
3587,11200
3588,15930
3589,16770
3590,14490
3591,13120
3592,8450
3593,6050
3594,2830
3595,990
3596,0
3597,0
3598,0
3599,0
3600,0
3601,0
3602,0
3603,0
3604,0
3605,0
3606,0
3607,0
3608,490
3609,6910
3610,11830
3611,15830
3612,18420
3613,19780
3614,20010
3615,18720
3616,16050
3617,12370
3618,7540
3619,2240
3620,0
3621,0
3622,0
3623,0
3624,0
3625,0
3626,0
3627,0
3628,0
3629,0
3630,0
3631,0
3632,230
3633,6900
3634,11990
3635,15730
3636,18430
3637,19430
3638,19690
3639,18490
3640,15790
3641,12050
3642,7420
3643,2230
3644,0
3645,0
3646,0
3647,0
3648,0
3649,0
3650,0
3651,0
3652,0
3653,0
3654,0
3655,0
3656,120
3657,5740
3658,10780
3659,15100
3660,18170
3661,19160
3662,19420
3663,17860
3664,15760
3665,11940
3666,6620
3667,1410
3668,0
3669,0
3670,0
3671,0
3672,0
3673,0
3674,0
3675,0
3676,0
3677,0
3678,0
3679,0
3680,230
3681,1800
3682,4880
3683,1420
3684,4320
3685,11980
3686,14930
3687,15570
3688,15400
3689,10990
3690,5040
3691,720
3692,0
3693,0
3694,0
3695,0
3696,0
3697,0
3698,0
3699,0
3700,0
3701,0
3702,0
3703,0
3704,650
3705,1250
3706,5010
3707,14410
3708,17590
3709,18230
3710,17660
3711,17480
3712,14760
3713,11570
3714,7140
3715,1270
3716,0
3717,0
3718,0
3719,0
3720,0
3721,0
3722,0
3723,0
3724,0
3725,0
3726,0
3727,0
3728,720
3729,4730
3730,10680
3731,15000
3732,17440
3733,19030
3734,9430
3735,18330
3736,14990
3737,9020
3738,730
3739,710
3740,0
3741,0
3742,0
3743,0
3744,0
3745,0
3746,0
3747,0
3748,0
3749,0
3750,0
3751,0
3752,600
3753,2880
3754,4850
3755,10780
3756,11320
3757,11680
3758,13690
3759,17940
3760,14630
3761,8410
3762,620
3763,670
3764,0
3765,0
3766,0
3767,0
3768,0
3769,0
3770,0
3771,0
3772,0
3773,0
3774,0
3775,0
3776,770
3777,6540
3778,11650
3779,15530
3780,18310
3781,19330
3782,19600
3783,18260
3784,15930
3785,10370
3786,3820
3787,160
3788,0
3789,0
3790,0
3791,0
3792,0
3793,0
3794,0
3795,0
3796,0
3797,0
3798,0
3799,0
3800,610
3801,6670
3802,11650
3803,15360
3804,10170
3805,19360
3806,19750
3807,18700
3808,15940
3809,11270
3810,1530
3811,180
3812,0
3813,0
3814,0
3815,0
3816,0
3817,0
3818,0
3819,0
3820,0
3821,0
3822,0
3823,0
3824,720
3825,6730
3826,11810
3827,15540
3828,18440
3829,19650
3830,19840
3831,18670
3832,15940
3833,12140
3834,7540
3835,1740
3836,0
3837,0
3838,0
3839,0
3840,0
3841,0
3842,0
3843,0
3844,0
3845,0
3846,0
3847,0
3848,750
3849,6780
3850,11840
3851,15520
3852,18410
3853,19650
3854,19910
3855,18760
3856,15850
3857,11950
3858,4490
3859,1230
3860,0
3861,0
3862,0
3863,0
3864,0
3865,0
3866,0
3867,0
3868,0
3869,0
3870,0
3871,0
3872,680
3873,5290
3874,6610
3875,15170
3876,17270
3877,18450
3878,18970
3879,18370
3880,15840
3881,12070
3882,7240
3883,2170
3884,0
3885,0
3886,0
3887,0
3888,0
3889,0
3890,0
3891,0
3892,0
3893,0
3894,0
3895,0
3896,230
3897,1450
3898,3910
3899,9950
3900,16930
3901,16240
3902,17490
3903,16870
3904,14940
3905,11940
3906,7420
3907,1640
3908,0
3909,0
3910,0
3911,0
3912,0
3913,0
3914,0
3915,0
3916,0
3917,0
3918,0
3919,0
3920,300
3921,2570
3922,7160
3923,14370
3924,17390
3925,17480
3926,8670
3927,14100
3928,15650
3929,11920
3930,2440
3931,180
3932,0
3933,0
3934,0
3935,0
3936,0
3937,0
3938,0
3939,0
3940,0
3941,0
3942,0
3943,0
3944,700
3945,6290
3946,11450
3947,15280
3948,18170
3949,18850
3950,19480
3951,18080
3952,15790
3953,12060
3954,6410
3955,1800
3956,0
3957,0
3958,0
3959,0
3960,0
3961,0
3962,0
3963,0
3964,0
3965,0
3966,0
3967,0
3968,140
3969,600
3970,3120
3971,5730
3972,15100
3973,17090
3974,17710
3975,16670
3976,13920
3977,10960
3978,7450
3979,1780
3980,0
3981,0
3982,0
3983,0
3984,0
3985,0
3986,0
3987,0
3988,0
3989,0
3990,0
3991,0
3992,440
3993,670
3994,2170
3995,10270
3996,16160
3997,6850
3998,6180
3999,14800
4000,9780
4001,9290
4002,5330
4003,1390
4004,0
4005,0
4006,0
4007,0
4008,0
4009,0
4010,0
4011,0
4012,0
4013,0
4014,0
4015,0
4016,530
4017,3430
4018,5830
4019,10750
4020,15790
4021,14430
4022,15990
4023,10810
4024,11090
4025,6870
4026,3710
4027,800
4028,0
4029,0
4030,0
4031,0
4032,0
4033,0
4034,0
4035,0
4036,0
4037,0
4038,0
4039,0
4040,440
4041,1160
4042,1730
4043,7610
4044,11650
4045,10440
4046,12990
4047,14060
4048,14570
4049,10410
4050,5430
4051,860
4052,0
4053,0
4054,0
4055,0
4056,0
4057,0
4058,0
4059,0
4060,0
4061,0
4062,0
4063,0
4064,650
4065,2110
4066,5670
4067,13750
4068,16680
4069,14020
4070,18870
4071,17600
4072,15820
4073,12090
4074,6280
4075,370
4076,0
4077,0
4078,0
4079,0
4080,0
4081,0
4082,0
4083,0
4084,0
4085,0
4086,0
4087,0
4088,300
4089,6030
4090,11190
4091,15220
4092,18270
4093,19540
4094,19770
4095,18650
4096,16150
4097,11510
4098,4470
4099,480
4100,0
4101,0
4102,0
4103,0
4104,0
4105,0
4106,0
4107,0
4108,0
4109,0
4110,0
4111,0
4112,610
4113,6370
4114,9820
4115,14300
4116,17220
4117,19280
4118,19440
4119,18630
4120,15980
4121,12220
4122,6200
4123,850
4124,0
4125,0
4126,0
4127,0
4128,0
4129,0
4130,0
4131,0
4132,0
4133,0
4134,0
4135,0
4136,560
4137,5030
4138,10690
4139,15180
4140,17380
4141,19450
4142,19570
4143,18420
4144,13570
4145,11000
4146,6290
4147,1900
4148,0
4149,0
4150,0
4151,0
4152,0
4153,0
4154,0
4155,0
4156,0
4157,0
4158,0
4159,0
4160,560
4161,5870
4162,11030
4163,15020
4164,18010
4165,19270
4166,18670
4167,16050
4168,14990
4169,12250
4170,7720
4171,2170
4172,0
4173,0
4174,0
4175,0
4176,0
4177,0
4178,0
4179,0
4180,0
4181,0
4182,0
4183,0
4184,260
4185,2530
4186,6110
4187,14990
4188,18020
4189,19280
4190,19330
4191,17280
4192,12590
4193,12220
4194,4180
4195,370
4196,0
4197,0
4198,0
4199,0
4200,0
4201,0
4202,0
4203,0
4204,0
4205,0
4206,0
4207,0
4208,330
4209,1160
4210,4380
4211,5810
4212,13230
4213,19410
4214,18080
4215,18590
4216,16200
4217,12430
4218,7860
4219,1450
4220,0
4221,0
4222,0
4223,0
4224,0
4225,0
4226,0
4227,0
4228,0
4229,0
4230,0
4231,0
4232,540
4233,5810
4234,10860
4235,15010
4236,18070
4237,19250
4238,18560
4239,18340
4240,16080
4241,12450
4242,7500
4243,2100
4244,0
4245,0
4246,0
4247,0
4248,0
4249,0
4250,0
4251,0
4252,0
4253,0
4254,0
4255,0
4256,70
4257,4420
4258,10640
4259,12930
4260,17240
4261,19310
4262,19380
4263,17920
4264,15450
4265,12290
4266,6000
4267,2040
4268,0
4269,0
4270,0
4271,0
4272,0
4273,0
4274,0
4275,0
4276,0
4277,0
4278,0
4279,0
4280,490
4281,5560
4282,10800
4283,14760
4284,17870
4285,19160
4286,18800
4287,18300
4288,15240
4289,10970
4290,4890
4291,770
4292,0
4293,0
4294,0
4295,0
4296,0
4297,0
4298,0
4299,0
4300,0
4301,0
4302,0
4303,0
4304,160
4305,5120
4306,10740
4307,13790
4308,14760
4309,16890
4310,18420
4311,13850
4312,14990
4313,12290
4314,7150
4315,2030
4316,0
4317,0
4318,0
4319,0
4320,0
4321,0
4322,0
4323,0
4324,0
4325,0
4326,0
4327,0
4328,230
4329,1990
4330,7930
4331,15120
4332,18110
4333,19520
4334,19790
4335,17830
4336,15560
4337,12460
4338,7640
4339,2370
4340,0
4341,0
4342,0
4343,0
4344,0
4345,0
4346,0
4347,0
4348,0
4349,0
4350,0
4351,0
4352,490
4353,5590
4354,11010
4355,14940
4356,16490
4357,18200
4358,16380
4359,17750
4360,15800
4361,12120
4362,7170
4363,1900
4364,0
4365,0
4366,0
4367,0
4368,0
4369,0
4370,0
4371,0
4372,0
4373,0
4374,0
4375,0
4376,280
4377,4060
4378,10350
4379,11000
4380,16670
4381,18930
4382,18930
4383,17610
4384,15630
4385,10300
4386,6140
4387,1240
4388,0
4389,0
4390,0
4391,0
4392,0
4393,0
4394,0
4395,0
4396,0
4397,0
4398,0
4399,0
4400,560
4401,4000
4402,8580
4403,13880
4404,17700
4405,19410
4406,19370
4407,18140
4408,16110
4409,12130
4410,7450
4411,2530
4412,0
4413,0
4414,0
4415,0
4416,0
4417,0
4418,0
4419,0
4420,0
4421,0
4422,0
4423,0
4424,540
4425,6030
4426,11060
4427,15140
4428,17980
4429,19300
4430,19390
4431,18040
4432,16180
4433,12550
4434,8200
4435,2710
4436,0
4437,0
4438,0
4439,0
4440,0
4441,0
4442,0
4443,0
4444,0
4445,0
4446,0
4447,0
4448,560
4449,6110
4450,11280
4451,15360
4452,18050
4453,19680
4454,19970
4455,18230
4456,15380
4457,12040
4458,7700
4459,2270
4460,0
4461,0
4462,0
4463,0
4464,0
4465,0
4466,0
4467,0
4468,0
4469,0
4470,0
4471,0
4472,510
4473,5860
4474,10960
4475,15170
4476,17880
4477,18490
4478,19530
4479,15750
4480,11510
4481,12370
4482,7870
4483,2400
4484,0
4485,0
4486,0
4487,0
4488,0
4489,0
4490,0
4491,0
4492,0
4493,0
4494,0
4495,0
4496,470
4497,5090
4498,10140
4499,14330
4500,17080
4501,18680
4502,19200
4503,18300
4504,15890
4505,12310
4506,7610
4507,2360
4508,0
4509,0
4510,0
4511,0
4512,0
4513,0
4514,0
4515,0
4516,0
4517,0
4518,0
4519,0
4520,510
4521,4900
4522,10040
4523,14300
4524,17410
4525,19110
4526,14510
4527,13650
4528,11520
4529,12400
4530,7490
4531,2350
4532,0
4533,0
4534,0
4535,0
4536,0
4537,0
4538,0
4539,0
4540,0
4541,0
4542,0
4543,0
4544,470
4545,4420
4546,10220
4547,14960
4548,17860
4549,0
4550,0
4551,16380
4552,15450
4553,12630
4554,7800
4555,1960
4556,0
4557,0
4558,0
4559,0
4560,0
4561,0
4562,0
4563,0
4564,0
4565,0
4566,0
4567,0
4568,520
4569,5780
4570,8590
4571,14790
4572,17980
4573,19540
4574,19540
4575,18520
4576,16140
4577,12750
4578,7850
4579,2770
4580,0
4581,0
4582,0
4583,0
4584,0
4585,0
4586,0
4587,0
4588,0
4589,0
4590,0
4591,0
4592,490
4593,6160
4594,11310
4595,14410
4596,17970
4597,19510
4598,19730
4599,17930
4600,15150
4601,12160
4602,8130
4603,2300
4604,0
4605,0
4606,0
4607,0
4608,0
4609,0
4610,0
4611,0
4612,0
4613,0
4614,0
4615,0
4616,470
4617,5560
4618,10860
4619,14760
4620,17800
4621,18020
4622,19400
4623,18350
4624,16570
4625,12870
4626,8060
4627,2630
4628,0
4629,0
4630,0
4631,0
4632,0
4633,0
4634,0
4635,0
4636,0
4637,0
4638,0
4639,0
4640,440
4641,5730
4642,11100
4643,15230
4644,18000
4645,19550
4646,19790
4647,18500
4648,16210
4649,12590
4650,7990
4651,2410
4652,0
4653,0
4654,0
4655,0
4656,0
4657,0
4658,0
4659,0
4660,0
4661,0
4662,0
4663,0
4664,490
4665,4990
4666,8480
4667,14630
4668,17930
4669,19300
4670,19740
4671,18550
4672,16410
4673,12710
4674,8010
4675,2980
4676,0
4677,0
4678,0
4679,0
4680,0
4681,0
4682,0
4683,0
4684,0
4685,0
4686,0
4687,0
4688,440
4689,5480
4690,10600
4691,14990
4692,17750
4693,19420
4694,19760
4695,18470
4696,16350
4697,12600
4698,7960
4699,2980
4700,0
4701,0
4702,0
4703,0
4704,0
4705,0
4706,0
4707,0
4708,0
4709,0
4710,0
4711,0
4712,490
4713,5070
4714,10840
4715,13800
4716,17590
4717,16750
4718,8540
4719,14700
4720,9080
4721,2740
4722,6040
4723,1120
4724,0
4725,0
4726,0
4727,0
4728,0
4729,0
4730,0
4731,0
4732,0
4733,0
4734,0
4735,0
4736,470
4737,5940
4738,11060
4739,15240
4740,18020
4741,19590
4742,19930
4743,18830
4744,16590
4745,13030
4746,8120
4747,2740
4748,0
4749,0
4750,0
4751,0
4752,0
4753,0
4754,0
4755,0
4756,0
4757,0
4758,0
4759,0
4760,490
4761,6350
4762,11490
4763,15540
4764,18290
4765,19870
4766,20000
4767,16400
4768,16070
4769,12080
4770,8170
4771,2870
4772,0
4773,0
4774,0
4775,0
4776,0
4777,0
4778,0
4779,0
4780,0
4781,0
4782,0
4783,0
4784,470
4785,5880
4786,10990
4787,15170
4788,17990
4789,19500
4790,19620
4791,18540
4792,16430
4793,12440
4794,8460
4795,2220
4796,0
4797,0
4798,0
4799,0
4800,0
4801,0
4802,0
4803,0
4804,0
4805,0
4806,0
4807,0
4808,330
4809,6240
4810,10810
4811,15100
4812,17850
4813,19330
4814,10470
4815,5330
4816,14770
4817,12850
4818,8170
4819,2740
4820,0
4821,0
4822,0
4823,0
4824,0
4825,0
4826,0
4827,0
4828,0
4829,0
4830,0
4831,0
4832,420
4833,5550
4834,10770
4835,14980
4836,17790
4837,19170
4838,19030
4839,18270
4840,0
4841,0
4842,0
4843,2910
4844,0
4845,0
4846,0
4847,0
4848,0
4849,0
4850,0
4851,0
4852,0
4853,0
4854,0
4855,0
4856,420
4857,5270
4858,10450
4859,14660
4860,16070
4861,19280
4862,19750
4863,18580
4864,16480
4865,12780
4866,8030
4867,3020
4868,0
4869,0
4870,0
4871,0
4872,0
4873,0
4874,0
4875,0
4876,0
4877,0
4878,0
4879,0
4880,420
4881,5320
4882,10400
4883,14620
4884,17480
4885,19180
4886,19350
4887,18190
4888,16180
4889,11930
4890,4690
4891,1500
4892,0
4893,0
4894,0
4895,0
4896,0
4897,0
4898,0
4899,0
4900,0
4901,0
4902,0
4903,0
4904,330
4905,740
4906,1630
4907,2030
4908,6180
4909,4630
4910,1910
4911,17470
4912,15670
4913,9060
4914,5090
4915,2560
4916,0
4917,0
4918,0
4919,0
4920,0
4921,0
4922,0
4923,0
4924,0
4925,0
4926,0
4927,0
4928,70
4929,2530
4930,5680
4931,9170
4932,14150
4933,18490
4934,17700
4935,11320
4936,15510
4937,8330
4938,7900
4939,2220
4940,0
4941,0
4942,0
4943,0
4944,0
4945,0
4946,0
4947,0
4948,0
4949,0
4950,0
4951,0
4952,400
4953,5590
4954,4460
4955,13860
4956,15820
4957,13220
4958,19910
4959,18390
4960,8790
4961,12240
4962,5520
4963,1880
4964,0
4965,0
4966,0
4967,0
4968,0
4969,0
4970,0
4971,0
4972,0
4973,0
4974,0
4975,0
4976,440
4977,3500
4978,11160
4979,15400
4980,18240
4981,19840
4982,20160
4983,18960
4984,16910
4985,13220
4986,8260
4987,2620
4988,0
4989,0
4990,0
4991,0
4992,0
4993,0
4994,0
4995,0
4996,0
4997,0
4998,0
4999,0
5000,420
5001,5520
5002,7640
5003,14370
5004,18150
5005,19850
5006,20100
5007,19740
5008,7890
5009,2500
5010,7840
5011,1240
5012,0
5013,0
5014,0
5015,0
5016,0
5017,0
5018,0
5019,0
5020,0
5021,0
5022,0
5023,0
5024,440
5025,5820
5026,11010
5027,15200
5028,18140
5029,19750
5030,20010
5031,18720
5032,16420
5033,12640
5034,7940
5035,2840
5036,0
5037,0
5038,0
5039,0
5040,0
5041,0
5042,0
5043,0
5044,0
5045,0
5046,0
5047,0
5048,440
5049,5350
5050,11010
5051,15190
5052,18050
5053,19640
5054,19990
5055,18710
5056,16410
5057,12800
5058,8100
5059,2720
5060,0
5061,0
5062,0
5063,0
5064,0
5065,0
5066,0
5067,0
5068,0
5069,0
5070,0
5071,0
5072,460
5073,5470
5074,10650
5075,15040
5076,17850
5077,19590
5078,19830
5079,18700
5080,16560
5081,12320
5082,1660
5083,340
5084,0
5085,0
5086,0
5087,0
5088,0
5089,0
5090,0
5091,0
5092,0
5093,0
5094,0
5095,0
5096,50
5097,610
5098,3700
5099,6120
5100,10890
5101,15950
5102,15870
5103,14080
5104,13420
5105,1410
5106,720
5107,1070
5108,0
5109,0
5110,0
5111,0
5112,0
5113,0
5114,0
5115,0
5116,0
5117,0
5118,0
5119,0
5120,490
5121,4950
5122,11140
5123,15490
5124,18480
5125,19920
5126,19460
5127,19080
5128,16990
5129,7100
5130,1460
5131,1990
5132,0
5133,0
5134,0
5135,0
5136,0
5137,0
5138,0
5139,0
5140,0
5141,0
5142,0
5143,0
5144,440
5145,5480
5146,10130
5147,15260
5148,18330
5149,17200
5150,15240
5151,19040
5152,16340
5153,12370
5154,4900
5155,1520
5156,0
5157,0
5158,0
5159,0
5160,0
5161,0
5162,0
5163,0
5164,0
5165,0
5166,0
5167,0
5168,70
5169,4360
5170,9670
5171,15170
5172,18520
5173,19990
5174,20270
5175,19220
5176,17020
5177,12890
5178,7120
5179,1800
5180,0
5181,0
5182,0
5183,0
5184,0
5185,0
5186,0
5187,0
5188,0
5189,0
5190,0
5191,0
5192,70
5193,610
5194,1520
5195,1910
5196,2960
5197,14040
5198,3570
5199,8880
5200,5140
5201,4700
5202,3600
5203,1440
5204,0
5205,0
5206,0
5207,0
5208,0
5209,0
5210,0
5211,0
5212,0
5213,0
5214,0
5215,0
5216,260
5217,5480
5218,10960
5219,15400
5220,18490
5221,19840
5222,19980
5223,19080
5224,16750
5225,13050
5226,8470
5227,2860
5228,0
5229,0
5230,0
5231,0
5232,0
5233,0
5234,0
5235,0
5236,0
5237,0
5238,0
5239,0
5240,350
5241,5240
5242,10920
5243,15380
5244,18530
5245,19960
5246,20290
5247,19160
5248,16960
5249,13250
5250,8430
5251,2560
5252,0
5253,0
5254,0
5255,0
5256,0
5257,0
5258,0
5259,0
5260,0
5261,0
5262,0
5263,0
5264,260
5265,2510
5266,1900
5267,2480
5268,3540
5269,5600
5270,6800
5271,12310
5272,6790
5273,2230
5274,1210
5275,1490
5276,0
5277,0
5278,0
5279,0
5280,0
5281,0
5282,0
5283,0
5284,0
5285,0
5286,0
5287,0
5288,540
5289,3100
5290,7120
5291,11670
5292,18100
5293,19670
5294,19080
5295,18810
5296,16380
5297,12290
5298,7900
5299,1710
5300,0
5301,0
5302,0
5303,0
5304,0
5305,0
5306,0
5307,0
5308,0
5309,0
5310,0
5311,0
5312,490
5313,1340
5314,1460
5315,11740
5316,17860
5317,16300
5318,13360
5319,14800
5320,14150
5321,5230
5322,4410
5323,1500
5324,0
5325,0
5326,0
5327,0
5328,0
5329,0
5330,0
5331,0
5332,0
5333,0
5334,0
5335,0
5336,120
5337,1020
5338,7810
5339,12700
5340,17650
5341,19250
5342,19360
5343,17760
5344,14790
5345,9800
5346,2200
5347,2310
5348,0
5349,0
5350,0
5351,0
5352,0
5353,0
5354,0
5355,0
5356,0
5357,0
5358,0
5359,0
5360,120
5361,1370
5362,8800
5363,13160
5364,17730
5365,19860
5366,19700
5367,15200
5368,16130
5369,12570
5370,5280
5371,670
5372,0
5373,0
5374,0
5375,0
5376,0
5377,0
5378,0
5379,0
5380,0
5381,0
5382,0
5383,0
5384,280
5385,5420
5386,8590
5387,15150
5388,17900
5389,19600
5390,12390
5391,15570
5392,16210
5393,12950
5394,8120
5395,1810
5396,0
5397,0
5398,0
5399,0
5400,0
5401,0
5402,0
5403,0
5404,0
5405,0
5406,0
5407,0
5408,70
5409,1160
5410,8190
5411,10420
5412,14820
5413,19720
5414,18490
5415,18980
5416,16740
5417,10890
5418,3890
5419,780
5420,0
5421,0
5422,0
5423,0
5424,0
5425,0
5426,0
5427,0
5428,0
5429,0
5430,0
5431,0
5432,560
5433,4410
5434,8000
5435,14700
5436,17820
5437,19910
5438,20350
5439,19100
5440,16580
5441,7960
5442,8090
5443,1690
5444,0
5445,0
5446,0
5447,0
5448,0
5449,0
5450,0
5451,0
5452,0
5453,0
5454,0
5455,0
5456,160
5457,1280
5458,1160
5459,2550
5460,2410
5461,3440
5462,15110
5463,16770
5464,16440
5465,9770
5466,4670
5467,1320
5468,0
5469,0
5470,0
5471,0
5472,0
5473,0
5474,0
5475,0
5476,0
5477,0
5478,0
5479,0
5480,350
5481,6520
5482,7440
5483,13270
5484,18380
5485,20090
5486,18670
5487,14230
5488,16130
5489,11820
5490,6980
5491,2130
5492,0
5493,0
5494,0
5495,0
5496,0
5497,0
5498,0
5499,0
5500,0
5501,0
5502,0
5503,0
5504,610
5505,5560
5506,10920
5507,15510
5508,18450
5509,20050
5510,19570
5511,17910
5512,15240
5513,3630
5514,2400
5515,1500
5516,0
5517,0
5518,0
5519,0
5520,0
5521,0
5522,0
5523,0
5524,0
5525,0
5526,0
5527,0
5528,350
5529,5190
5530,10850
5531,13140
5532,18510
5533,20190
5534,20400
5535,17550
5536,16410
5537,12860
5538,7890
5539,340
5540,0
5541,0
5542,0
5543,0
5544,0
5545,0
5546,0
5547,0
5548,0
5549,0
5550,0
5551,0
5552,630
5553,6270
5554,11770
5555,15380
5556,19040
5557,20350
5558,11260
5559,15220
5560,15760
5561,13060
5562,7800
5563,2240
5564,0
5565,0
5566,0
5567,0
5568,0
5569,0
5570,0
5571,0
5572,0
5573,0
5574,0
5575,0
5576,440
5577,6250
5578,11830
5579,16020
5580,19010
5581,21160
5582,21360
5583,19400
5584,16500
5585,13080
5586,1610
5587,1630
5588,0
5589,0
5590,0
5591,0
5592,0
5593,0
5594,0
5595,0
5596,0
5597,0
5598,0
5599,0
5600,660
5601,6360
5602,11910
5603,16060
5604,19130
5605,20620
5606,20810
5607,19600
5608,17350
5609,13160
5610,8190
5611,2870
5612,0
5613,0
5614,0
5615,0
5616,0
5617,0
5618,0
5619,0
5620,0
5621,0
5622,0
5623,0
5624,680
5625,6490
5626,11740
5627,15990
5628,18960
5629,20260
5630,20660
5631,19460
5632,17160
5633,13100
5634,5440
5635,730
5636,0
5637,0
5638,0
5639,0
5640,0
5641,0
5642,0
5643,0
5644,0
5645,0
5646,0
5647,0
5648,210
5649,5460
5650,11720
5651,16110
5652,18920
5653,20230
5654,20770
5655,19380
5656,16620
5657,13090
5658,8020
5659,2570
5660,0
5661,0
5662,0
5663,0
5664,0
5665,0
5666,0
5667,0
5668,0
5669,0
5670,0
5671,0
5672,700
5673,6360
5674,11760
5675,15720
5676,18820
5677,20400
5678,20370
5679,19190
5680,16930
5681,12790
5682,5550
5683,230
5684,0
5685,0
5686,0
5687,0
5688,0
5689,0
5690,0
5691,0
5692,0
5693,0
5694,0
5695,0
5696,190
5697,6330
5698,9420
5699,15990
5700,18950
5701,20330
5702,20600
5703,19270
5704,16830
5705,12950
5706,1720
5707,230
5708,0
5709,0
5710,0
5711,0
5712,0
5713,0
5714,0
5715,0
5716,0
5717,0
5718,0
5719,0
5720,540
5721,2190
5722,11710
5723,16040
5724,19010
5725,19160
5726,17990
5727,19240
5728,16670
5729,12900
5730,8220
5731,1220
5732,0
5733,0
5734,0
5735,0
5736,0
5737,0
5738,0
5739,0
5740,0
5741,0
5742,0
5743,0
5744,720
5745,4710
5746,10890
5747,15330
5748,18640
5749,19580
5750,18540
5751,18770
5752,8710
5753,10000
5754,6300
5755,2620
5756,0
5757,0
5758,0
5759,0
5760,0
5761,0
5762,0
5763,0
5764,0
5765,0
5766,0
5767,0
5768,210
5769,6140
5770,11440
5771,15460
5772,17710
5773,17320
5774,7970
5775,15290
5776,17000
5777,11370
5778,3410
5779,1180
5780,0
5781,0
5782,0
5783,0
5784,0
5785,0
5786,0
5787,0
5788,0
5789,0
5790,0
5791,0
5792,750
5793,5950
5794,11490
5795,15850
5796,17740
5797,11140
5798,18560
5799,9580
5800,16150
5801,10870
5802,4860
5803,1270
5804,0
5805,0
5806,0
5807,0
5808,0
5809,0
5810,0
5811,0
5812,0
5813,0
5814,0
5815,0
5816,740
5817,6070
5818,10820
5819,15500
5820,18720
5821,20160
5822,19980
5823,18270
5824,13320
5825,9900
5826,7020
5827,660
5828,0
5829,0
5830,0
5831,0
5832,0
5833,0
5834,0
5835,0
5836,0
5837,0
5838,0
5839,0
5840,760
5841,6010
5842,11930
5843,16540
5844,19130
5845,20680
5846,20630
5847,18660
5848,16540
5849,13050
5850,8070
5851,2460
5852,0
5853,0
5854,0
5855,0
5856,0
5857,0
5858,0
5859,0
5860,0
5861,0
5862,0
5863,0
5864,120
5865,610
5866,1110
5867,2760
5868,12670
5869,12580
5870,20570
5871,19360
5872,17150
5873,12890
5874,7920
5875,1040
5876,0
5877,0
5878,0
5879,0
5880,0
5881,0
5882,0
5883,0
5884,0
5885,0
5886,0
5887,0
5888,840
5889,5130
5890,12010
5891,16490
5892,19180
5893,20700
5894,20990
5895,19570
5896,17240
5897,12840
5898,5760
5899,1580
5900,0
5901,0
5902,0
5903,0
5904,0
5905,0
5906,0
5907,0
5908,0
5909,0
5910,0
5911,0
5912,820
5913,6070
5914,7910
5915,16000
5916,14090
5917,20120
5918,19430
5919,16890
5920,15270
5921,12830
5922,7720
5923,2370
5924,0
5925,0
5926,0
5927,0
5928,0
5929,0
5930,0
5931,0
5932,0
5933,0
5934,0
5935,0
5936,680
5937,1340
5938,3590
5939,5360
5940,4220
5941,8390
5942,9250
5943,14600
5944,8470
5945,10270
5946,1850
5947,530
5948,0
5949,0
5950,0
5951,0
5952,0
5953,0
5954,0
5955,0
5956,0
5957,0
5958,0
5959,0
5960,810
5961,1140
5962,8760
5963,16140
5964,18830
5965,15270
5966,18250
5967,19420
5968,17030
5969,12600
5970,2760
5971,1440
5972,0
5973,0
5974,0
5975,0
5976,0
5977,0
5978,0
5979,0
5980,0
5981,0
5982,0
5983,0
5984,490
5985,5050
5986,12040
5987,16100
5988,19000
5989,19880
5990,17420
5991,16850
5992,12040
5993,8610
5994,5180
5995,1290
5996,0
5997,0
5998,0
5999,0
6000,0
6001,0
6002,0
6003,0
6004,0
6005,0
6006,0
6007,0
6008,910
6009,6550
6010,11190
6011,16260
6012,18590
6013,20850
6014,20800
6015,18470
6016,16690
6017,10760
6018,5710
6019,1610
6020,0
6021,0
6022,0
6023,0
6024,0
6025,0
6026,0
6027,0
6028,0
6029,0
6030,0
6031,0
6032,750
6033,5630
6034,5310
6035,1600
6036,1920
6037,3630
6038,6980
6039,13490
6040,16650
6041,12570
6042,5340
6043,830
6044,0
6045,0
6046,0
6047,0
6048,0
6049,0
6050,0
6051,0
6052,0
6053,0
6054,0
6055,0
6056,940
6057,6760
6058,11210
6059,15070
6060,18800
6061,20570
6062,20960
6063,19600
6064,11420
6065,12230
6066,5480
6067,1240
6068,0
6069,0
6070,0
6071,0
6072,0
6073,0
6074,0
6075,0
6076,0
6077,0
6078,0
6079,0
6080,190
6081,1350
6082,6080
6083,14780
6084,18740
6085,19300
6086,18940
6087,19170
6088,16690
6089,12210
6090,3920
6091,420
6092,0
6093,0
6094,0
6095,0
6096,0
6097,0
6098,0
6099,0
6100,0
6101,0
6102,0
6103,0
6104,860
6105,2810
6106,6280
6107,14650
6108,6590
6109,13220
6110,17870
6111,19480
6112,16930
6113,12110
6114,2900
6115,970
6116,0
6117,0
6118,0
6119,0
6120,0
6121,0
6122,0
6123,0
6124,0
6125,0
6126,0
6127,0
6128,1000
6129,5950
6130,11940
6131,16340
6132,19370
6133,20700
6134,19650
6135,18970
6136,16770
6137,12600
6138,7480
6139,230
6140,0
6141,0
6142,0
6143,0
6144,0
6145,0
6146,0
6147,0
6148,0
6149,0
6150,0
6151,0
6152,350
6153,5100
6154,10540
6155,16310
6156,19420
6157,20870
6158,20880
6159,19460
6160,16700
6161,12530
6162,7160
6163,180
6164,0
6165,0
6166,0
6167,0
6168,0
6169,0
6170,0
6171,0
6172,0
6173,0
6174,0
6175,0
6176,880
6177,1600
6178,0
6179,9190
6180,17360
6181,7450
6182,18580
6183,19590
6184,16260
6185,10460
6186,7310
6187,830
6188,0
6189,0
6190,0
6191,0
6192,0
6193,0
6194,0
6195,0
6196,0
6197,0
6198,0
6199,0
6200,1020
6201,7510
6202,12500
6203,16270
6204,19330
6205,20810
6206,20680
6207,19360
6208,16650
6209,12610
6210,7480
6211,1970
6212,0
6213,0
6214,0
6215,0
6216,0
6217,0
6218,0
6219,0
6220,0
6221,0
6222,0
6223,0
6224,1070
6225,7180
6226,12480
6227,16200
6228,19360
6229,20770
6230,20680
6231,19090
6232,16320
6233,12430
6234,7030
6235,1010
6236,0
6237,0
6238,0
6239,0
6240,0
6241,0
6242,0
6243,0
6244,0
6245,0
6246,0
6247,0
6248,1090
6249,7150
6250,12300
6251,16240
6252,19390
6253,20800
6254,20880
6255,19340
6256,16500
6257,12410
6258,7230
6259,730
6260,0
6261,0
6262,0
6263,0
6264,0
6265,0
6266,0
6267,0
6268,0
6269,0
6270,0
6271,0
6272,910
6273,7080
6274,12400
6275,16570
6276,19340
6277,20830
6278,20480
6279,19320
6280,16410
6281,12300
6282,4880
6283,410
6284,0
6285,0
6286,0
6287,0
6288,0
6289,0
6290,0
6291,0
6292,0
6293,0
6294,0
6295,0
6296,1850
6297,7430
6298,12560
6299,15840
6300,19430
6301,20910
6302,20780
6303,19420
6304,16280
6305,12420
6306,7400
6307,1840
6308,0
6309,0
6310,0
6311,0
6312,0
6313,0
6314,0
6315,0
6316,0
6317,0
6318,0
6319,0
6320,840
6321,5540
6322,2150
6323,7290
6324,19160
6325,20640
6326,20680
6327,19240
6328,16020
6329,12300
6330,7130
6331,1770
6332,0
6333,0
6334,0
6335,0
6336,0
6337,0
6338,0
6339,0
6340,0
6341,0
6342,0
6343,0
6344,1790
6345,7350
6346,12550
6347,16320
6348,19410
6349,20680
6350,20720
6351,19170
6352,15940
6353,12230
6354,6330
6355,210
6356,0
6357,0
6358,0
6359,0
6360,0
6361,0
6362,0
6363,0
6364,0
6365,0
6366,0
6367,0
6368,1670
6369,4620
6370,12170
6371,16360
6372,18520
6373,20090
6374,20040
6375,18510
6376,15460
6377,11050
6378,4870
6379,1140
6380,0
6381,0
6382,0
6383,0
6384,0
6385,0
6386,0
6387,0
6388,0
6389,0
6390,0
6391,0
6392,1860
6393,7370
6394,12540
6395,10690
6396,19350
6397,20250
6398,20540
6399,0
6400,15640
6401,5960
6402,3520
6403,1250
6404,0
6405,0
6406,0
6407,0
6408,0
6409,0
6410,0
6411,0
6412,0
6413,0
6414,0
6415,0
6416,700
6417,7310
6418,10970
6419,13440
6420,19240
6421,20690
6422,20610
6423,19100
6424,15910
6425,12100
6426,7000
6427,1390
6428,0
6429,0
6430,0
6431,0
6432,0
6433,0
6434,0
6435,0
6436,0
6437,0
6438,0
6439,0
6440,1110
6441,1180
6442,11580
6443,9510
6444,16900
6445,20300
6446,19900
6447,18240
6448,15580
6449,2900
6450,4310
6451,1340
6452,0
6453,0
6454,0
6455,0
6456,0
6457,0
6458,0
6459,0
6460,0
6461,0
6462,0
6463,0
6464,1830
6465,5210
6466,8280
6467,14670
6468,19260
6469,20590
6470,20440
6471,19120
6472,16040
6473,11800
6474,6680
6475,230
6476,0
6477,0
6478,0
6479,0
6480,0
6481,0
6482,0
6483,0
6484,0
6485,0
6486,0
6487,0
6488,490
6489,3690
6490,9450
6491,15800
6492,14060
6493,19190
6494,19090
6495,19080
6496,14270
6497,5330
6498,3230
6499,440
6500,0
6501,0
6502,0
6503,0
6504,0
6505,0
6506,0
6507,0
6508,0
6509,0
6510,0
6511,0
6512,1570
6513,7180
6514,12420
6515,17110
6516,19200
6517,20310
6518,19840
6519,18940
6520,15730
6521,11810
6522,4490
6523,1000
6524,0
6525,0
6526,0
6527,0
6528,0
6529,0
6530,0
6531,0
6532,0
6533,0
6534,0
6535,0
6536,2120
6537,7650
6538,12470
6539,16520
6540,19400
6541,20710
6542,20580
6543,18960
6544,15890
6545,11890
6546,6880
6547,1550
6548,0
6549,0
6550,0
6551,0
6552,0
6553,0
6554,0
6555,0
6556,0
6557,0
6558,0
6559,0
6560,1660
6561,6410
6562,11970
6563,14360
6564,19060
6565,20170
6566,20490
6567,19210
6568,15950
6569,11400
6570,2130
6571,1220
6572,0
6573,0
6574,0
6575,0
6576,0
6577,0
6578,0
6579,0
6580,0
6581,0
6582,0
6583,0
6584,1590
6585,6830
6586,12300
6587,16680
6588,19370
6589,20770
6590,20330
6591,18900
6592,7440
6593,1160
6594,3770
6595,1480
6596,0
6597,0
6598,0
6599,0
6600,0
6601,0
6602,0
6603,0
6604,0
6605,0
6606,0
6607,0
6608,1720
6609,6160
6610,11910
6611,16790
6612,19390
6613,20960
6614,19510
6615,19060
6616,15510
6617,2120
6618,6780
6619,1390
6620,0
6621,0
6622,0
6623,0
6624,0
6625,0
6626,0
6627,0
6628,0
6629,0
6630,0
6631,0
6632,210
6633,6800
6634,12040
6635,15800
6636,19440
6637,20750
6638,20590
6639,19130
6640,15830
6641,12030
6642,6780
6643,210
6644,0
6645,0
6646,0
6647,0
6648,0
6649,0
6650,0
6651,0
6652,0
6653,0
6654,0
6655,0
6656,1640
6657,7660
6658,12380
6659,15440
6660,17660
6661,17480
6662,19240
6663,18720
6664,15870
6665,11830
6666,640
6667,140
6668,0
6669,0
6670,0
6671,0
6672,0
6673,0
6674,0
6675,0
6676,0
6677,0
6678,0
6679,0
6680,2170
6681,7610
6682,12660
6683,16340
6684,19310
6685,20750
6686,20590
6687,18910
6688,15890
6689,11740
6690,4590
6691,140
6692,0
6693,0
6694,0
6695,0
6696,0
6697,0
6698,0
6699,0
6700,0
6701,0
6702,0
6703,0
6704,720
6705,5280
6706,12600
6707,16210
6708,18980
6709,19860
6710,20470
6711,18890
6712,15780
6713,10970
6714,6570
6715,960
6716,0
6717,0
6718,0
6719,0
6720,0
6721,0
6722,0
6723,0
6724,0
6725,0
6726,0
6727,0
6728,1610
6729,7160
6730,12380
6731,16290
6732,19080
6733,20300
6734,20350
6735,18900
6736,15880
6737,10900
6738,3210
6739,140
6740,0
6741,0
6742,0
6743,0
6744,0
6745,0
6746,0
6747,0
6748,0
6749,0
6750,0
6751,0
6752,760
6753,3180
6754,11600
6755,16090
6756,19000
6757,20320
6758,20090
6759,18500
6760,15540
6761,11260
6762,5910
6763,460
6764,0
6765,0
6766,0
6767,0
6768,0
6769,0
6770,0
6771,0
6772,0
6773,0
6774,0
6775,0
6776,1360
6777,7100
6778,12690
6779,16610
6780,19460
6781,20660
6782,20570
6783,18950
6784,15910
6785,11260
6786,5980
6787,730
6788,0
6789,0
6790,0
6791,0
6792,0
6793,0
6794,0
6795,0
6796,0
6797,0
6798,0
6799,0
6800,1020
6801,3350
6802,10860
6803,16770
6804,19270
6805,19220
6806,18670
6807,3600
6808,0
6809,6770
6810,3220
6811,570
6812,0
6813,0
6814,0
6815,0
6816,0
6817,0
6818,0
6819,0
6820,0
6821,0
6822,0
6823,0
6824,1840
6825,7450
6826,11910
6827,16260
6828,19110
6829,17110
6830,20170
6831,18640
6832,15750
6833,11010
6834,830
6835,930
6836,0
6837,0
6838,0
6839,0
6840,0
6841,0
6842,0
6843,0
6844,0
6845,0
6846,0
6847,0
6848,230
6849,4140
6850,10960
6851,14560
6852,16560
6853,15240
6854,19120
6855,18580
6856,15580
6857,10490
6858,2420
6859,120
6860,0
6861,0
6862,0
6863,0
6864,0
6865,0
6866,0
6867,0
6868,0
6869,0
6870,0
6871,0
6872,510
6873,3640
6874,8980
6875,12280
6876,16260
6877,18660
6878,18480
6879,18800
6880,15430
6881,11490
6882,3510
6883,210
6884,0
6885,0
6886,0
6887,0
6888,0
6889,0
6890,0
6891,0
6892,0
6893,0
6894,0
6895,0
6896,1150
6897,3890
6898,11140
6899,15890
6900,16070
6901,18910
6902,15720
6903,17440
6904,13440
6905,9450
6906,4860
6907,590
6908,0
6909,0
6910,0
6911,0
6912,0
6913,0
6914,0
6915,0
6916,0
6917,0
6918,0
6919,0
6920,230
6921,760
6922,8600
6923,15040
6924,17790
6925,20650
6926,20260
6927,18720
6928,15860
6929,11410
6930,6250
6931,1170
6932,0
6933,0
6934,0
6935,0
6936,0
6937,0
6938,0
6939,0
6940,0
6941,0
6942,0
6943,0
6944,1130
6945,2110
6946,5660
6947,8020
6948,16850
6949,18990
6950,13250
6951,17800
6952,15520
6953,11080
6954,4410
6955,120
6956,0
6957,0
6958,0
6959,0
6960,0
6961,0
6962,0
6963,0
6964,0
6965,0
6966,0
6967,0
6968,1610
6969,6380
6970,8410
6971,10000
6972,13310
6973,12810
6974,14660
6975,14420
6976,11530
6977,10360
6978,4450
6979,820
6980,0
6981,0
6982,0
6983,0
6984,0
6985,0
6986,0
6987,0
6988,0
6989,0
6990,0
6991,0
6992,630
6993,3830
6994,9140
6995,14470
6996,15150
6997,18470
6998,17890
6999,18080
7000,14610
7001,11200
7002,4740
7003,340
7004,0
7005,0
7006,0
7007,0
7008,0
7009,0
7010,0
7011,0
7012,0
7013,0
7014,0
7015,0
7016,510
7017,1800
7018,7330
7019,7490
7020,10030
7021,15430
7022,16610
7023,17660
7024,15190
7025,9210
7026,1600
7027,680
7028,0
7029,0
7030,0
7031,0
7032,0
7033,0
7034,0
7035,0
7036,0
7037,0
7038,0
7039,0
7040,700
7041,1590
7042,5900
7043,6020
7044,8430
7045,15270
7046,18310
7047,16350
7048,2360
7049,1930
7050,1300
7051,750
7052,0
7053,0
7054,0
7055,0
7056,0
7057,0
7058,0
7059,0
7060,0
7061,0
7062,0
7063,0
7064,1020
7065,5060
7066,12430
7067,16170
7068,18730
7069,19360
7070,18810
7071,17790
7072,15490
7073,11150
7074,5790
7075,670
7076,0
7077,0
7078,0
7079,0
7080,0
7081,0
7082,0
7083,0
7084,0
7085,0
7086,0
7087,0
7088,630
7089,7200
7090,10310
7091,16570
7092,18860
7093,20060
7094,18580
7095,18490
7096,15490
7097,11160
7098,6000
7099,940
7100,0
7101,0
7102,0
7103,0
7104,0
7105,0
7106,0
7107,0
7108,0
7109,0
7110,0
7111,0
7112,2050
7113,6910
7114,12580
7115,16540
7116,18560
7117,19710
7118,19920
7119,18190
7120,15540
7121,11180
7122,6010
7123,930
7124,0
7125,0
7126,0
7127,0
7128,0
7129,0
7130,0
7131,0
7132,0
7133,0
7134,0
7135,0
7136,2080
7137,7460
7138,12440
7139,16330
7140,18810
7141,19970
7142,19590
7143,17910
7144,15070
7145,10760
7146,5440
7147,930
7148,0
7149,0
7150,0
7151,0
7152,0
7153,0
7154,0
7155,0
7156,0
7157,0
7158,0
7159,0
7160,860
7161,2820
7162,6220
7163,8110
7164,17820
7165,14700
7166,19500
7167,14940
7168,15130
7169,1100
7170,760
7171,390
7172,0
7173,0
7174,0
7175,0
7176,0
7177,0
7178,0
7179,0
7180,0
7181,0
7182,0
7183,0
7184,540
7185,3090
7186,4810
7187,1680
7188,6450
7189,9890
7190,9790
7191,12930
7192,15130
7193,10980
7194,3480
7195,650
7196,0
7197,0
7198,0
7199,0
7200,0
7201,0
7202,0
7203,0
7204,0
7205,0
7206,0
7207,0
7208,1670
7209,3260
7210,6940
7211,14030
7212,17790
7213,18640
7214,19340
7215,17010
7216,15020
7217,10340
7218,600
7219,90
7220,0
7221,0
7222,0
7223,0
7224,0
7225,0
7226,0
7227,0
7228,0
7229,0
7230,0
7231,0
7232,930
7233,3240
7234,4230
7235,13320
7236,16500
7237,15480
7238,18250
7239,15170
7240,5160
7241,2440
7242,2630
7243,480
7244,0
7245,0
7246,0
7247,0
7248,0
7249,0
7250,0
7251,0
7252,0
7253,0
7254,0
7255,0
7256,1260
7257,1430
7258,6270
7259,14240
7260,17850
7261,18870
7262,16480
7263,15420
7264,13070
7265,9920
7266,5800
7267,90
7268,0
7269,0
7270,0
7271,0
7272,0
7273,0
7274,0
7275,0
7276,0
7277,0
7278,0
7279,0
7280,930
7281,3080
7282,9530
7283,13280
7284,18760
7285,17850
7286,14040
7287,15770
7288,15140
7289,10770
7290,4260
7291,140
7292,0
7293,0
7294,0
7295,0
7296,0
7297,0
7298,0
7299,0
7300,0
7301,0
7302,0
7303,0
7304,2290
7305,7680
7306,12540
7307,16580
7308,18940
7309,20110
7310,19770
7311,18020
7312,15030
7313,10890
7314,5700
7315,140
7316,0
7317,0
7318,0
7319,0
7320,0
7321,0
7322,0
7323,0
7324,0
7325,0
7326,0
7327,0
7328,1810
7329,7040
7330,12230
7331,16160
7332,18710
7333,19950
7334,19690
7335,17970
7336,14930
7337,9020
7338,3210
7339,880
7340,0
7341,0
7342,0
7343,0
7344,0
7345,0
7346,0
7347,0
7348,0
7349,0
7350,0
7351,0
7352,1610
7353,6430
7354,11860
7355,15960
7356,18710
7357,19950
7358,19370
7359,17960
7360,14760
7361,9160
7362,4440
7363,90
7364,0
7365,0
7366,0
7367,0
7368,0
7369,0
7370,0
7371,0
7372,0
7373,0
7374,0
7375,0
7376,1850
7377,7000
7378,9500
7379,13020
7380,11660
7381,13830
7382,19040
7383,16280
7384,14900
7385,8850
7386,3640
7387,940
7388,0
7389,0
7390,0
7391,0
7392,0
7393,0
7394,0
7395,0
7396,0
7397,0
7398,0
7399,0
7400,530
7401,4620
7402,12090
7403,16030
7404,18510
7405,19420
7406,19080
7407,17870
7408,13790
7409,2590
7410,4830
7411,90
7412,0
7413,0
7414,0
7415,0
7416,0
7417,0
7418,0
7419,0
7420,0
7421,0
7422,0
7423,0
7424,230
7425,4010
7426,11790
7427,15760
7428,18060
7429,9840
7430,17750
7431,9330
7432,12130
7433,3040
7434,1990
7435,370
7436,0
7437,0
7438,0
7439,0
7440,0
7441,0
7442,0
7443,0
7444,0
7445,0
7446,0
7447,0
7448,1020
7449,3020
7450,6980
7451,12340
7452,16580
7453,19160
7454,18150
7455,17210
7456,14080
7457,6910
7458,810
7459,540
7460,0
7461,0
7462,0
7463,0
7464,0
7465,0
7466,0
7467,0
7468,0
7469,0
7470,0
7471,0
7472,1640
7473,6760
7474,11540
7475,15500
7476,17830
7477,18700
7478,17010
7479,17340
7480,14830
7481,7900
7482,1140
7483,420
7484,0
7485,0
7486,0
7487,0
7488,0
7489,0
7490,0
7491,0
7492,0
7493,0
7494,0
7495,0
7496,860
7497,5040
7498,10090
7499,15540
7500,16770
7501,18700
7502,18060
7503,17200
7504,13440
7505,9260
7506,4980
7507,740
7508,0
7509,0
7510,0
7511,0
7512,0
7513,0
7514,0
7515,0
7516,0
7517,0
7518,0
7519,0
7520,930
7521,6760
7522,11310
7523,15820
7524,18450
7525,19700
7526,19330
7527,17800
7528,14850
7529,10670
7530,5580
7531,770
7532,0
7533,0
7534,0
7535,0
7536,0
7537,0
7538,0
7539,0
7540,0
7541,0
7542,0
7543,0
7544,580
7545,5500
7546,11760
7547,14590
7548,16240
7549,17120
7550,15810
7551,17790
7552,14770
7553,7290
7554,600
7555,850
7556,0
7557,0
7558,0
7559,0
7560,0
7561,0
7562,0
7563,0
7564,0
7565,0
7566,0
7567,0
7568,2020
7569,7270
7570,12180
7571,16080
7572,18510
7573,19760
7574,19530
7575,17910
7576,14850
7577,9970
7578,5930
7579,680
7580,0
7581,0
7582,0
7583,0
7584,0
7585,0
7586,0
7587,0
7588,0
7589,0
7590,0
7591,0
7592,1750
7593,6900
7594,12070
7595,15870
7596,18430
7597,18960
7598,17430
7599,17410
7600,14740
7601,8000
7602,1960
7603,410
7604,0
7605,0
7606,0
7607,0
7608,0
7609,0
7610,0
7611,0
7612,0
7613,0
7614,0
7615,0
7616,950
7617,6080
7618,10820
7619,11990
7620,8770
7621,17670
7622,17960
7623,17340
7624,14330
7625,7690
7626,1060
7627,460
7628,0
7629,0
7630,0
7631,0
7632,0
7633,0
7634,0
7635,0
7636,0
7637,0
7638,0
7639,0
7640,1120
7641,2530
7642,10820
7643,15180
7644,17730
7645,18840
7646,18190
7647,17800
7648,14780
7649,10660
7650,5450
7651,800
7652,0
7653,0
7654,0
7655,0
7656,0
7657,0
7658,0
7659,0
7660,0
7661,0
7662,0
7663,0
7664,330
7665,750
7666,2630
7667,11130
7668,13340
7669,14440
7670,15950
7671,16270
7672,12010
7673,8770
7674,3060
7675,460
7676,0
7677,0
7678,0
7679,0
7680,0
7681,0
7682,0
7683,0
7684,0
7685,0
7686,0
7687,0
7688,970
7689,4010
7690,10120
7691,15660
7692,18000
7693,18960
7694,18760
7695,17660
7696,14780
7697,10630
7698,4280
7699,350
7700,0
7701,0
7702,0
7703,0
7704,0
7705,0
7706,0
7707,0
7708,0
7709,0
7710,0
7711,0
7712,740
7713,2030
7714,5830
7715,14740
7716,14810
7717,18630
7718,17230
7719,17560
7720,14430
7721,10550
7722,4640
7723,950
7724,0
7725,0
7726,0
7727,0
7728,0
7729,0
7730,0
7731,0
7732,0
7733,0
7734,0
7735,0
7736,720
7737,5400
7738,11590
7739,15490
7740,18160
7741,19200
7742,19080
7743,17290
7744,14690
7745,10380
7746,4860
7747,740
7748,0
7749,0
7750,0
7751,0
7752,0
7753,0
7754,0
7755,0
7756,0
7757,0
7758,0
7759,0
7760,1480
7761,4860
7762,11560
7763,15490
7764,18130
7765,19420
7766,19150
7767,17270
7768,14690
7769,9400
7770,1890
7771,1040
7772,0
7773,0
7774,0
7775,0
7776,0
7777,0
7778,0
7779,0
7780,0
7781,0
7782,0
7783,0
7784,1800
7785,6710
7786,11500
7787,15380
7788,18040
7789,19390
7790,19120
7791,17620
7792,14680
7793,7870
7794,2360
7795,530
7796,0
7797,0
7798,0
7799,0
7800,0
7801,0
7802,0
7803,0
7804,0
7805,0
7806,0
7807,0
7808,540
7809,5760
7810,9550
7811,12340
7812,17540
7813,16230
7814,19150
7815,17650
7816,13970
7817,5750
7818,3380
7819,910
7820,0
7821,0
7822,0
7823,0
7824,0
7825,0
7826,0
7827,0
7828,0
7829,0
7830,0
7831,0
7832,1500
7833,6630
7834,11470
7835,15360
7836,17870
7837,19030
7838,18870
7839,17390
7840,14550
7841,10450
7842,3140
7843,910
7844,0
7845,0
7846,0
7847,0
7848,0
7849,0
7850,0
7851,0
7852,0
7853,0
7854,0
7855,0
7856,1660
7857,6600
7858,11480
7859,15270
7860,17860
7861,19260
7862,18800
7863,17530
7864,14490
7865,2110
7866,620
7867,390
7868,0
7869,0
7870,0
7871,0
7872,0
7873,0
7874,0
7875,0
7876,0
7877,0
7878,0
7879,0
7880,210
7881,700
7882,6020
7883,7860
7884,11130
7885,15420
7886,15300
7887,16890
7888,14640
7889,5000
7890,5050
7891,230
7892,0
7893,0
7894,0
7895,0
7896,0
7897,0
7898,0
7899,0
7900,0
7901,0
7902,0
7903,0
7904,1640
7905,6720
7906,11540
7907,15180
7908,17980
7909,19230
7910,19080
7911,17540
7912,14690
7913,10700
7914,2870
7915,140
7916,0
7917,0
7918,0
7919,0
7920,0
7921,0
7922,0
7923,0
7924,0
7925,0
7926,0
7927,0
7928,870
7929,5490
7930,10120
7931,14120
7932,18030
7933,18100
7934,18730
7935,16230
7936,14510
7937,10620
7938,1300
7939,300
7940,0
7941,0
7942,0
7943,0
7944,0
7945,0
7946,0
7947,0
7948,0
7949,0
7950,0
7951,0
7952,1570
7953,6600
7954,11410
7955,15040
7956,17630
7957,18180
7958,18620
7959,17050
7960,14410
7961,10340
7962,2230
7963,870
7964,0
7965,0
7966,0
7967,0
7968,0
7969,0
7970,0
7971,0
7972,0
7973,0
7974,0
7975,0
7976,860
7977,6320
7978,7450
7979,14280
7980,15670
7981,17480
7982,15030
7983,12900
7984,8030
7985,10630
7986,5130
7987,930
7988,0
7989,0
7990,0
7991,0
7992,0
7993,0
7994,0
7995,0
7996,0
7997,0
7998,0
7999,0
8000,1000
8001,6270
8002,7850
8003,10060
8004,13520
8005,17900
8006,15670
8007,14030
8008,14790
8009,10870
8010,5860
8011,1180
8012,0
8013,0
8014,0
8015,0
8016,0
8017,0
8018,0
8019,0
8020,0
8021,0
8022,0
8023,0
8024,1440
8025,6430
8026,11350
8027,15340
8028,17820
8029,19100
8030,18990
8031,17510
8032,14830
8033,10840
8034,6120
8035,140
8036,0
8037,0
8038,0
8039,0
8040,0
8041,0
8042,0
8043,0
8044,0
8045,0
8046,0
8047,0
8048,1370
8049,6490
8050,11240
8051,15130
8052,17770
8053,19000
8054,18410
8055,16700
8056,14690
8057,7750
8058,5020
8059,1000
8060,0
8061,0
8062,0
8063,0
8064,0
8065,0
8066,0
8067,0
8068,0
8069,0
8070,0
8071,0
8072,0
8073,2260
8074,0
8075,12740
8076,15690
8077,16950
8078,18500
8079,17130
8080,12830
8081,6440
8082,5540
8083,1300
8084,0
8085,0
8086,0
8087,0
8088,0
8089,0
8090,0
8091,0
8092,0
8093,0
8094,0
8095,0
8096,1440
8097,6010
8098,10970
8099,14050
8100,15160
8101,18470
8102,17150
8103,16150
8104,8850
8105,6140
8106,3980
8107,1260
8108,0
8109,0
8110,0
8111,0
8112,0
8113,0
8114,0
8115,0
8116,0
8117,0
8118,0
8119,0
8120,680
8121,3240
8122,10760
8123,14730
8124,17340
8125,18950
8126,18980
8127,17510
8128,14800
8129,10910
8130,6050
8131,1350
8132,0
8133,0
8134,0
8135,0
8136,0
8137,0
8138,0
8139,0
8140,0
8141,0
8142,0
8143,0
8144,1350
8145,6320
8146,11140
8147,15030
8148,17630
8149,19030
8150,18990
8151,17590
8152,14950
8153,10980
8154,6120
8155,1080
8156,0
8157,0
8158,0
8159,0
8160,0
8161,0
8162,0
8163,0
8164,0
8165,0
8166,0
8167,0
8168,1300
8169,6320
8170,11170
8171,15070
8172,17690
8173,19020
8174,18960
8175,17520
8176,14520
8177,10990
8178,6110
8179,620
8180,0
8181,0
8182,0
8183,0
8184,0
8185,0
8186,0
8187,0
8188,0
8189,0
8190,0
8191,0
8192,1290
8193,6250
8194,11040
8195,14970
8196,17510
8197,18840
8198,18890
8199,17640
8200,14830
8201,10940
8202,6050
8203,1420
8204,0
8205,0
8206,0
8207,0
8208,0
8209,0
8210,0
8211,0
8212,0
8213,0
8214,0
8215,0
8216,980
8217,5740
8218,6730
8219,14400
8220,17270
8221,18620
8222,18720
8223,17360
8224,14530
8225,9690
8226,2100
8227,1130
8228,0
8229,0
8230,0
8231,0
8232,0
8233,0
8234,0
8235,0
8236,0
8237,0
8238,0
8239,0
8240,1070
8241,5790
8242,9620
8243,14330
8244,17110
8245,17910
8246,17640
8247,17220
8248,14680
8249,10780
8250,1780
8251,760
8252,0
8253,0
8254,0
8255,0
8256,0
8257,0
8258,0
8259,0
8260,0
8261,0
8262,0
8263,0
8264,1070
8265,6050
8266,10750
8267,14060
8268,17400
8269,18910
8270,18990
8271,17590
8272,14590
8273,10950
8274,6190
8275,1490
8276,0
8277,0
8278,0
8279,0
8280,0
8281,0
8282,0
8283,0
8284,0
8285,0
8286,0
8287,0
8288,840
8289,5670
8290,10720
8291,14920
8292,17660
8293,19050
8294,19040
8295,17580
8296,14830
8297,10920
8298,6190
8299,1510
8300,0
8301,0
8302,0
8303,0
8304,0
8305,0
8306,0
8307,0
8308,0
8309,0
8310,0
8311,0
8312,1020
8313,5990
8314,10940
8315,14910
8316,17650
8317,19030
8318,19020
8319,17740
8320,14940
8321,11020
8322,6300
8323,1540
8324,0
8325,0
8326,0
8327,0
8328,0
8329,0
8330,0
8331,0
8332,0
8333,0
8334,0
8335,0
8336,1020
8337,5860
8338,10630
8339,14420
8340,16300
8341,18190
8342,17960
8343,17180
8344,13960
8345,10880
8346,6230
8347,1540
8348,0
8349,0
8350,0
8351,0
8352,0
8353,0
8354,0
8355,0
8356,0
8357,0
8358,0
8359,0
8360,560
8361,3290
8362,9050
8363,12340
8364,12880
8365,5860
8366,17110
8367,13600
8368,14190
8369,10490
8370,5960
8371,1590
8372,0
8373,0
8374,0
8375,0
8376,0
8377,0
8378,0
8379,0
8380,0
8381,0
8382,0
8383,0
8384,880
8385,5470
8386,10320
8387,14450
8388,17240
8389,18570
8390,18310
8391,17370
8392,14660
8393,9060
8394,3430
8395,1600
8396,0
8397,0
8398,0
8399,0
8400,0
8401,0
8402,0
8403,0
8404,0
8405,0
8406,0
8407,0
8408,950
8409,5620
8410,10130
8411,14500
8412,17080
8413,18550
8414,18590
8415,17240
8416,14610
8417,10410
8418,6210
8419,1620
8420,0
8421,0
8422,0
8423,0
8424,0
8425,0
8426,0
8427,0
8428,0
8429,0
8430,0
8431,0
8432,830
8433,5660
8434,8270
8435,10260
8436,16080
8437,17710
8438,17150
8439,12140
8440,6790
8441,3430
8442,5310
8443,1530
8444,0
8445,0
8446,0
8447,0
8448,0
8449,0
8450,0
8451,0
8452,0
8453,0
8454,0
8455,0
8456,880
8457,3250
8458,6370
8459,14400
8460,17090
8461,18450
8462,18200
8463,17470
8464,14830
8465,10320
8466,3930
8467,1380
8468,0
8469,0
8470,0
8471,0
8472,0
8473,0
8474,0
8475,0
8476,0
8477,0
8478,0
8479,0
8480,300
8481,5610
8482,10540
8483,14540
8484,17280
8485,18510
8486,18410
8487,16480
8488,8880
8489,8000
8490,4370
8491,1390
8492,0
8493,0
8494,0
8495,0
8496,0
8497,0
8498,0
8499,0
8500,0
8501,0
8502,0
8503,0
8504,190
8505,5090
8506,4070
8507,14430
8508,17260
8509,18800
8510,18950
8511,17460
8512,14930
8513,11130
8514,6500
8515,1790
8516,0
8517,0
8518,0
8519,0
8520,0
8521,0
8522,0
8523,0
8524,0
8525,0
8526,0
8527,0
8528,840
8529,5520
8530,10420
8531,14420
8532,17270
8533,18730
8534,18900
8535,17550
8536,14900
8537,11070
8538,6500
8539,1800
8540,0
8541,0
8542,0
8543,0
8544,0
8545,0
8546,0
8547,0
8548,0
8549,0
8550,0
8551,0
8552,840
8553,5510
8554,10380
8555,14510
8556,17330
8557,18790
8558,18950
8559,17590
8560,14890
8561,11080
8562,6530
8563,1840
8564,0
8565,0
8566,0
8567,0
8568,0
8569,0
8570,0
8571,0
8572,0
8573,0
8574,0
8575,0
8576,350
8577,2810
8578,6890
8579,11720
8580,16860
8581,18450
8582,18680
8583,17340
8584,14900
8585,9680
8586,1560
8587,1750
8588,0
8589,0
8590,0
8591,0
8592,0
8593,0
8594,0
8595,0
8596,0
8597,0
8598,0
8599,0
8600,190
8601,720
8602,2140
8603,5300
8604,12440
8605,17980
8606,18540
8607,17270
8608,14590
8609,9600
8610,4970
8611,1470
8612,0
8613,0
8614,0
8615,0
8616,0
8617,0
8618,0
8619,0
8620,0
8621,0
8622,0
8623,0
8624,670
8625,2670
8626,9730
8627,14100
8628,16910
8629,18660
8630,18810
8631,17080
8632,15090
8633,11270
8634,6690
8635,1990
8636,0
8637,0
8638,0
8639,0
8640,0
8641,0
8642,0
8643,0
8644,0
8645,0
8646,0
8647,0
8648,120
8649,4050
8650,9710
8651,14280
8652,16800
8653,18190
8654,18800
8655,17510
8656,15070
8657,11260
8658,4170
8659,480
8660,0
8661,0
8662,0
8663,0
8664,0
8665,0
8666,0
8667,0
8668,0
8669,0
8670,0
8671,0
8672,680
8673,4820
8674,9370
8675,14160
8676,17000
8677,18290
8678,18600
8679,17490
8680,14820
8681,11050
8682,6360
8683,410
8684,0
8685,0
8686,0
8687,0
8688,0
8689,0
8690,0
8691,0
8692,0
8693,0
8694,0
8695,0
8696,720
8697,4800
8698,10030
8699,14260
8700,17120
8701,18690
8702,18860
8703,17650
8704,15020
8705,11260
8706,6720
8707,1970
8708,0
8709,0
8710,0
8711,0
8712,0
8713,0
8714,0
8715,0
8716,0
8717,0
8718,0
8719,0
8720,700
8721,5210
8722,10160
8723,13860
8724,16660
8725,18630
8726,18810
8727,17420
8728,14790
8729,11230
8730,6850
8731,1890
8732,0
8733,0
8734,0
8735,0
8736,0
8737,0
8738,0
8739,0
8740,0
8741,0
8742,0
8743,0
8744,260
8745,5180
8746,10140
8747,14330
8748,17160
8749,18720
8750,18880
8751,17690
8752,15140
8753,11470
8754,6850
8755,2130
8756,0
8757,0
8758,0
8759,0
8760,0
